{"stats":{"minecraft:custom":{"minecraft:interact_with_furnace":33,"minecraft:mob_kills":46,"minecraft:interact_with_crafting_table":15,"minecraft:time_since_death":53966,"minecraft:climb_one_cm":127,"minecraft:time_since_rest":53966,"minecraft:sprint_one_cm":124776,"minecraft:damage_taken":1316,"minecraft:walk_one_cm":88063,"minecraft:damage_blocked_by_shield":3058,"minecraft:drop":20,"minecraft:damage_dealt":5791,"minecraft:swim_one_cm":10865,"minecraft:fly_one_cm":201022,"minecraft:open_chest":5,"minecraft:crouch_one_cm":36011,"minecraft:play_time":53966,"minecraft:sneak_time":12088,"minecraft:walk_under_water_one_cm":6298,"minecraft:boat_one_cm":173553,"minecraft:jump":992,"minecraft:walk_on_water_one_cm":5845,"minecraft:total_world_time":53966,"minecraft:fall_one_cm":28193},"minecraft:used":{"minecraft:cooked_mutton":7,"minecraft:acacia_boat":7,"minecraft:water_bucket":7,"minecraft:stone_sword":116,"minecraft:stone_pickaxe":132,"minecraft:wooden_pickaxe":3,"minecraft:shield":42,"minecraft:cooked_salmon":1,"minecraft:torch":12,"minecraft:dirt":2,"minecraft:sand":3,"minecraft:crafting_table":6,"minecraft:iron_pickaxe":149,"minecraft:stone_axe":68,"minecraft:diamond_sword":3,"minecraft:cobblestone":43,"minecraft:cooked_porkchop":8,"minecraft:furnace":9,"minecraft:bucket":8,"minecraft:cobbled_deepslate":31,"minecraft:gray_wool":1},"minecraft:dropped":{"minecraft:stone_axe":1,"minecraft:iron_nugget":1,"minecraft:stone_sword":1,"minecraft:rotten_flesh":2,"minecraft:light_gray_wool":1,"minecraft:filled_map":1,"minecraft:pink_wool":1,"minecraft:oak_sapling":4,"minecraft:arrow":6,"minecraft:iron_pickaxe":1,"minecraft:gold_ingot":1,"minecraft:bone":6},"minecraft:crafted":{"minecraft:cooked_beef":6,"minecraft:oak_planks":20,"minecraft:diamond_sword":1,"minecraft:cooked_porkchop":12,"minecraft:diamond_axe":1,"minecraft:crafting_table":2,"minecraft:wooden_pickaxe":1,"minecraft:furnace":3,"minecraft:bucket":1,"minecraft:stone_axe":1,"minecraft:cooked_mutton":29,"minecraft:acacia_boat":1,"minecraft:air":0,"minecraft:diamond_pickaxe":1,"minecraft:golden_apple":1,"minecraft:shield":2,"minecraft:stick":28,"minecraft:iron_ingot":52,"minecraft:iron_pickaxe":1,"minecraft:stone_pickaxe":1,"minecraft:stone_sword":1,"minecraft:white_bed":1,"minecraft:acacia_planks":32,"minecraft:torch":32},"minecraft:broken":{"minecraft:stone_pickaxe":1},"minecraft:killed":{"minecraft:pig":8,"minecraft:spider":1,"minecraft:sheep":21,"minecraft:skeleton":6,"minecraft:zombie":6,"minecraft:cow":4},"minecraft:picked_up":{"minecraft:crafting_table":5,"minecraft:leather":5,"minecraft:pink_wool":1,"minecraft:oak_log":50,"minecraft:acacia_boat":7,"minecraft:lapis_lazuli":44,"minecraft:dirt":2,"minecraft:bone":7,"minecraft:apple":1,"minecraft:acacia_planks":2,"minecraft:bow":1,"minecraft:wheat_seeds":1,"minecraft:cobbled_deepslate":58,"minecraft:beef":6,"minecraft:light_gray_wool":1,"minecraft:sugar_cane":29,"minecraft:furnace":8,"minecraft:stick":1,"minecraft:raw_iron":54,"minecraft:acacia_log":8,"minecraft:porkchop":12,"minecraft:sand":3,"minecraft:redstone":42,"minecraft:arrow":11,"minecraft:rotten_flesh":6,"minecraft:diamond":22,"minecraft:gray_wool":1,"minecraft:oak_sapling":4,"minecraft:mutton":29,"minecraft:coal":46,"minecraft:white_wool":17,"minecraft:cobblestone":80},"minecraft:mined":{"minecraft:deepslate_redstone_ore":9,"minecraft:acacia_leaves":2,"minecraft:deepslate_diamond_ore":22,"minecraft:crafting_table":5,"minecraft:cornflower":1,"minecraft:granite":1,"minecraft:short_grass":8,"minecraft:acacia_log":8,"minecraft:grass_block":1,"minecraft:tall_grass":2,"minecraft:cobblestone":2,"minecraft:sugar_cane":15,"minecraft:furnace":8,"minecraft:cobbled_deepslate":1,"minecraft:iron_ore":24,"minecraft:deepslate_lapis_ore":7,"minecraft:oak_log":50,"minecraft:coal_ore":46,"minecraft:deepslate_iron_ore":30,"minecraft:dirt":1,"minecraft:sand":3,"minecraft:stone":78,"minecraft:deepslate":55,"minecraft:oak_leaves":1}},"DataVersion":3955}