{"stats":{"minecraft:custom":{"minecraft:interact_with_furnace":24,"minecraft:mob_kills":39,"minecraft:interact_with_crafting_table":12,"minecraft:time_since_death":41966,"minecraft:climb_one_cm":127,"minecraft:time_since_rest":41966,"minecraft:sprint_one_cm":95069,"minecraft:damage_taken":691,"minecraft:walk_one_cm":70046,"minecraft:damage_blocked_by_shield":1447,"minecraft:drop":6,"minecraft:damage_dealt":4271,"minecraft:swim_one_cm":10865,"minecraft:fly_one_cm":170899,"minecraft:open_chest":5,"minecraft:crouch_one_cm":28440,"minecraft:play_time":41966,"minecraft:sneak_time":9682,"minecraft:walk_under_water_one_cm":6298,"minecraft:boat_one_cm":173553,"minecraft:jump":791,"minecraft:walk_on_water_one_cm":5710,"minecraft:total_world_time":41966,"minecraft:fall_one_cm":22113},"minecraft:used":{"minecraft:cooked_mutton":7,"minecraft:acacia_boat":7,"minecraft:water_bucket":4,"minecraft:stone_sword":92,"minecraft:stone_pickaxe":132,"minecraft:wooden_pickaxe":3,"minecraft:shield":17,"minecraft:cooked_salmon":1,"minecraft:torch":7,"minecraft:dirt":2,"minecraft:sand":3,"minecraft:crafting_table":5,"minecraft:iron_pickaxe":100,"minecraft:stone_axe":66,"minecraft:cobblestone":42,"minecraft:cooked_porkchop":1,"minecraft:furnace":6,"minecraft:bucket":5,"minecraft:gray_wool":1},"minecraft:dropped":{"minecraft:iron_nugget":1,"minecraft:light_gray_wool":1,"minecraft:filled_map":1,"minecraft:pink_wool":1,"minecraft:oak_sapling":4,"minecraft:gold_ingot":1},"minecraft:crafted":{"minecraft:cooked_beef":6,"minecraft:oak_planks":8,"minecraft:cooked_porkchop":12,"minecraft:crafting_table":2,"minecraft:wooden_pickaxe":1,"minecraft:furnace":3,"minecraft:bucket":1,"minecraft:stone_axe":1,"minecraft:cooked_mutton":29,"minecraft:acacia_boat":1,"minecraft:air":0,"minecraft:golden_apple":1,"minecraft:shield":1,"minecraft:stick":16,"minecraft:iron_ingot":7,"minecraft:iron_pickaxe":1,"minecraft:stone_pickaxe":1,"minecraft:stone_sword":1,"minecraft:white_bed":1,"minecraft:acacia_planks":32,"minecraft:torch":32},"minecraft:broken":{"minecraft:stone_pickaxe":1},"minecraft:killed":{"minecraft:pig":8,"minecraft:spider":1,"minecraft:sheep":21,"minecraft:skeleton":2,"minecraft:zombie":3,"minecraft:cow":4},"minecraft:picked_up":{"minecraft:crafting_table":5,"minecraft:leather":5,"minecraft:pink_wool":1,"minecraft:oak_log":50,"minecraft:acacia_boat":7,"minecraft:lapis_lazuli":27,"minecraft:dirt":2,"minecraft:bone":2,"minecraft:apple":1,"minecraft:acacia_planks":2,"minecraft:bow":1,"minecraft:wheat_seeds":1,"minecraft:cobbled_deepslate":35,"minecraft:beef":6,"minecraft:light_gray_wool":1,"minecraft:sugar_cane":29,"minecraft:furnace":6,"minecraft:stick":1,"minecraft:raw_iron":46,"minecraft:acacia_log":8,"minecraft:porkchop":12,"minecraft:sand":3,"minecraft:redstone":10,"minecraft:arrow":3,"minecraft:rotten_flesh":4,"minecraft:diamond":14,"minecraft:gray_wool":1,"minecraft:oak_sapling":4,"minecraft:mutton":29,"minecraft:coal":46,"minecraft:white_wool":17,"minecraft:cobblestone":78},"minecraft:mined":{"minecraft:deepslate_redstone_ore":2,"minecraft:acacia_leaves":2,"minecraft:deepslate_diamond_ore":14,"minecraft:crafting_table":5,"minecraft:cornflower":1,"minecraft:granite":1,"minecraft:short_grass":8,"minecraft:acacia_log":8,"minecraft:grass_block":1,"minecraft:tall_grass":2,"minecraft:sugar_cane":15,"minecraft:furnace":6,"minecraft:iron_ore":24,"minecraft:deepslate_lapis_ore":5,"minecraft:oak_log":50,"minecraft:coal_ore":46,"minecraft:deepslate_iron_ore":22,"minecraft:dirt":1,"minecraft:sand":3,"minecraft:stone":78,"minecraft:deepslate":36,"minecraft:oak_leaves":1}},"DataVersion":3955}