{"stats":{"minecraft:custom":{"minecraft:interact_with_furnace":33,"minecraft:mob_kills":53,"minecraft:interact_with_crafting_table":16,"minecraft:leave_game":1,"minecraft:time_since_death":70078,"minecraft:climb_one_cm":127,"minecraft:time_since_rest":70078,"minecraft:sprint_one_cm":177402,"minecraft:damage_taken":1941,"minecraft:walk_one_cm":111622,"minecraft:damage_blocked_by_shield":3568,"minecraft:drop":22,"minecraft:damage_dealt":7050,"minecraft:swim_one_cm":11183,"minecraft:fly_one_cm":214687,"minecraft:open_chest":5,"minecraft:crouch_one_cm":48196,"minecraft:play_time":70078,"minecraft:sneak_time":20140,"minecraft:walk_under_water_one_cm":6706,"minecraft:boat_one_cm":173553,"minecraft:jump":1134,"minecraft:walk_on_water_one_cm":9115,"minecraft:total_world_time":70078,"minecraft:fall_one_cm":30095},"minecraft:used":{"minecraft:cooked_mutton":7,"minecraft:acacia_boat":8,"minecraft:water_bucket":12,"minecraft:stone_sword":116,"minecraft:stone_pickaxe":132,"minecraft:wooden_pickaxe":3,"minecraft:shield":53,"minecraft:diamond_axe":1,"minecraft:cooked_salmon":1,"minecraft:torch":13,"minecraft:dirt":2,"minecraft:sand":3,"minecraft:rail":1,"minecraft:crafting_table":7,"minecraft:diamond_pickaxe":106,"minecraft:iron_pickaxe":149,"minecraft:stone_axe":68,"minecraft:diamond_sword":25,"minecraft:cobblestone":48,"minecraft:cooked_porkchop":12,"minecraft:furnace":9,"minecraft:bucket":13,"minecraft:cooked_beef":4,"minecraft:cobbled_deepslate":94,"minecraft:gray_wool":1},"minecraft:dropped":{"minecraft:stone_axe":1,"minecraft:iron_nugget":1,"minecraft:stone_sword":1,"minecraft:rotten_flesh":2,"minecraft:light_gray_wool":1,"minecraft:rail":1,"minecraft:filled_map":1,"minecraft:pink_wool":1,"minecraft:oak_sapling":4,"minecraft:arrow":8,"minecraft:iron_pickaxe":1,"minecraft:gold_ingot":1,"minecraft:bone":6},"minecraft:crafted":{"minecraft:cooked_beef":6,"minecraft:oak_planks":20,"minecraft:diamond_sword":1,"minecraft:cooked_porkchop":12,"minecraft:diamond_axe":1,"minecraft:crafting_table":2,"minecraft:wooden_pickaxe":1,"minecraft:furnace":3,"minecraft:bucket":1,"minecraft:stone_axe":1,"minecraft:cooked_mutton":29,"minecraft:acacia_boat":1,"minecraft:air":0,"minecraft:diamond_pickaxe":1,"minecraft:golden_apple":1,"minecraft:shield":2,"minecraft:stick":28,"minecraft:iron_ingot":52,"minecraft:iron_pickaxe":1,"minecraft:stone_pickaxe":1,"minecraft:stone_sword":1,"minecraft:white_bed":1,"minecraft:acacia_planks":32,"minecraft:torch":32},"minecraft:broken":{"minecraft:stone_pickaxe":1,"minecraft:shield":1},"minecraft:killed":{"minecraft:cave_spider":1,"minecraft:pig":8,"minecraft:zombie_villager":1,"minecraft:spider":1,"minecraft:sheep":21,"minecraft:skeleton":6,"minecraft:zombie":11,"minecraft:cow":4},"minecraft:picked_up":{"minecraft:crafting_table":6,"minecraft:leather":5,"minecraft:pink_wool":1,"minecraft:tuff":11,"minecraft:oak_log":50,"minecraft:acacia_boat":7,"minecraft:lapis_lazuli":48,"minecraft:dirt":2,"minecraft:bone":9,"minecraft:apple":1,"minecraft:acacia_planks":2,"minecraft:bow":1,"minecraft:wheat_seeds":1,"minecraft:cobbled_deepslate":139,"minecraft:beef":6,"minecraft:light_gray_wool":1,"minecraft:sugar_cane":29,"minecraft:furnace":8,"minecraft:stick":1,"minecraft:raw_iron":54,"minecraft:torch":1,"minecraft:acacia_log":8,"minecraft:porkchop":12,"minecraft:sand":3,"minecraft:redstone":42,"minecraft:arrow":13,"minecraft:rotten_flesh":9,"minecraft:diamond":30,"minecraft:gray_wool":1,"minecraft:rail":2,"minecraft:oak_sapling":4,"minecraft:mutton":29,"minecraft:coal":46,"minecraft:white_wool":17,"minecraft:cobblestone":80},"minecraft:mined":{"minecraft:deepslate_redstone_ore":9,"minecraft:tuff":14,"minecraft:acacia_leaves":2,"minecraft:deepslate_diamond_ore":30,"minecraft:torch":1,"minecraft:crafting_table":6,"minecraft:cornflower":1,"minecraft:granite":1,"minecraft:short_grass":8,"minecraft:acacia_log":8,"minecraft:grass_block":1,"minecraft:tall_grass":2,"minecraft:cobblestone":2,"minecraft:sugar_cane":15,"minecraft:furnace":8,"minecraft:cobbled_deepslate":10,"minecraft:iron_ore":24,"minecraft:deepslate_lapis_ore":8,"minecraft:oak_log":50,"minecraft:coal_ore":46,"minecraft:deepslate_iron_ore":30,"minecraft:rail":2,"minecraft:dirt":1,"minecraft:sand":3,"minecraft:stone":78,"minecraft:deepslate":127,"minecraft:oak_leaves":1}},"DataVersion":3955}