{"stats":{"minecraft:custom":{"minecraft:interact_with_furnace":3,"minecraft:mob_kills":14,"minecraft:interact_with_crafting_table":8,"minecraft:leave_game":2,"minecraft:time_since_death":24263,"minecraft:sleep_in_bed":2,"minecraft:time_since_rest":5442,"minecraft:sprint_one_cm":42807,"minecraft:damage_taken":245,"minecraft:walk_one_cm":17149,"minecraft:damage_blocked_by_shield":494,"minecraft:drop":14,"minecraft:damage_dealt":1540,"minecraft:swim_one_cm":14053,"minecraft:fly_one_cm":64686,"minecraft:crouch_one_cm":9722,"minecraft:play_time":24263,"minecraft:sneak_time":6473,"minecraft:walk_under_water_one_cm":5497,"minecraft:boat_one_cm":1640,"minecraft:jump":311,"minecraft:walk_on_water_one_cm":8396,"minecraft:total_world_time":24263,"minecraft:interact_with_smoker":3,"minecraft:fall_one_cm":9993},"minecraft:used":{"minecraft:cooked_mutton":3,"minecraft:water_bucket":3,"minecraft:stone_sword":21,"minecraft:stone_pickaxe":100,"minecraft:wooden_pickaxe":3,"minecraft:shield":4,"minecraft:dirt":5,"minecraft:crafting_table":2,"minecraft:white_bed":2,"minecraft:smoker":1,"minecraft:iron_pickaxe":3,"minecraft:stone_axe":43,"minecraft:magma_block":1,"minecraft:cobblestone":26,"minecraft:furnace":1,"minecraft:bucket":4,"minecraft:oak_boat":1,"minecraft:bone_meal":3},"minecraft:dropped":{"minecraft:birch_sapling":2,"minecraft:rotten_flesh":2,"minecraft:dirt":3,"minecraft:brown_wool":1,"minecraft:oak_sapling":2,"minecraft:arrow":2,"minecraft:stone_pickaxe":1,"minecraft:magma_block":2,"minecraft:birch_log":1,"minecraft:white_wool":1},"minecraft:crafted":{"minecraft:oak_planks":32,"minecraft:crafting_table":1,"minecraft:wooden_pickaxe":1,"minecraft:furnace":2,"minecraft:bucket":1,"minecraft:bone_meal":3,"minecraft:stone_axe":1,"minecraft:cooked_mutton":7,"minecraft:air":0,"minecraft:oak_boat":1,"minecraft:shield":1,"minecraft:stick":12,"minecraft:iron_ingot":11,"minecraft:iron_pickaxe":1,"minecraft:stone_pickaxe":1,"minecraft:stone_sword":1,"minecraft:white_bed":1,"minecraft:smoker":1},"minecraft:killed":{"minecraft:spider":1,"minecraft:skeleton":2,"minecraft:sheep":10,"minecraft:zombie":1},"minecraft:picked_up":{"minecraft:birch_log":1,"minecraft:crafting_table":2,"minecraft:magma_block":3,"minecraft:brown_wool":2,"minecraft:smoker":1,"minecraft:oak_log":33,"minecraft:dirt":24,"minecraft:bone":1,"minecraft:oak_boat":1,"minecraft:birch_sapling":2,"minecraft:oak_planks":1,"minecraft:furnace":1,"minecraft:stick":1,"minecraft:raw_iron":11,"minecraft:white_bed":2,"minecraft:arrow":2,"minecraft:rotten_flesh":2,"minecraft:oak_sapling":2,"minecraft:mutton":14,"minecraft:coal":10,"minecraft:cobblestone":78,"minecraft:white_wool":8},"minecraft:mined":{"minecraft:white_bed":2,"minecraft:smoker":1,"minecraft:crafting_table":2,"minecraft:short_grass":2,"minecraft:grass_block":2,"minecraft:cobblestone":9,"minecraft:magma_block":3,"minecraft:furnace":1,"minecraft:iron_ore":11,"minecraft:oak_log":33,"minecraft:coal_ore":10,"minecraft:dirt":6,"minecraft:stone":69,"minecraft:oak_leaves":7}},"DataVersion":3955}