{"stats":{"minecraft:crafted":{"minecraft:crafting_table":1,"minecraft:spruce_planks":60,"minecraft:stick":12,"minecraft:wooden_pickaxe":1,"minecraft:stone_pickaxe":1,"minecraft:stone_sword":1,"minecraft:furnace":2,"minecraft:white_bed":1,"minecraft:spruce_boat":1,"minecraft:stone_axe":1,"minecraft:air":0,"minecraft:cooked_mutton":7,"minecraft:smoker":1},"minecraft:picked_up":{"minecraft:crafting_table":3,"minecraft:leather":5,"minecraft:smoker":1,"minecraft:porkchop":30,"minecraft:white_bed":1,"minecraft:spruce_log":21,"minecraft:dirt":9,"minecraft:spruce_boat":1,"minecraft:beef":8,"minecraft:sugar_cane":8,"minecraft:black_wool":1,"minecraft:mutton":19,"minecraft:coal":15,"minecraft:white_wool":13,"minecraft:cobblestone":49},"minecraft:killed":{"minecraft:sheep":14,"minecraft:pig":16,"minecraft:cow":5},"minecraft:used":{"minecraft:spruce_boat":1,"minecraft:cooked_mutton":2,"minecraft:black_wool":1,"minecraft:stone_sword":78,"minecraft:stone_pickaxe":63,"minecraft:wooden_pickaxe":3,"minecraft:stone_axe":20,"minecraft:dirt":9,"minecraft:cobblestone":2,"minecraft:crafting_table":3,"minecraft:white_bed":1,"minecraft:smoker":1},"minecraft:mined":{"minecraft:tall_seagrass":1,"minecraft:white_bed":1,"minecraft:smoker":1,"minecraft:spruce_log":21,"minecraft:crafting_table":3,"minecraft:short_grass":6,"minecraft:grass_block":3,"minecraft:coal_ore":15,"minecraft:dirt":6,"minecraft:tall_grass":7,"minecraft:spruce_leaves":1,"minecraft:sugar_cane":4,"minecraft:stone":49,"minecraft:oak_leaves":4,"minecraft:fern":1},"minecraft:custom":{"minecraft:time_since_rest":6565,"minecraft:sprint_one_cm":71564,"minecraft:damage_taken":50,"minecraft:walk_one_cm":17235,"minecraft:mob_kills":35,"minecraft:damage_dealt":3420,"minecraft:swim_one_cm":8263,"minecraft:interact_with_crafting_table":7,"minecraft:fly_one_cm":103428,"minecraft:crouch_one_cm":7303,"minecraft:play_time":17956,"minecraft:sneak_time":2363,"minecraft:walk_under_water_one_cm":521,"minecraft:boat_one_cm":8036,"minecraft:jump":471,"minecraft:walk_on_water_one_cm":835,"minecraft:time_since_death":17956,"minecraft:sleep_in_bed":1,"minecraft:interact_with_smoker":2,"minecraft:total_world_time":17956,"minecraft:fall_one_cm":12020}},"DataVersion":3955}