{"stats":{"minecraft:custom":{"minecraft:time_since_rest":17966,"minecraft:interact_with_furnace":6,"minecraft:sprint_one_cm":56083,"minecraft:damage_taken":371,"minecraft:walk_one_cm":33828,"minecraft:damage_blocked_by_shield":996,"minecraft:mob_kills":37,"minecraft:drop":1,"minecraft:damage_dealt":3639,"minecraft:interact_with_crafting_table":6,"minecraft:swim_one_cm":2020,"minecraft:fly_one_cm":111202,"minecraft:crouch_one_cm":9151,"minecraft:play_time":17966,"minecraft:sneak_time":3373,"minecraft:walk_under_water_one_cm":1072,"minecraft:boat_one_cm":29438,"minecraft:jump":455,"minecraft:time_since_death":17966,"minecraft:walk_on_water_one_cm":1782,"minecraft:total_world_time":17966,"minecraft:fall_one_cm":10843},"minecraft:used":{"minecraft:cooked_mutton":5,"minecraft:acacia_boat":2,"minecraft:stone_sword":80,"minecraft:stone_pickaxe":87,"minecraft:shield":11,"minecraft:wooden_pickaxe":3,"minecraft:stone_axe":25,"minecraft:dirt":2,"minecraft:crafting_table":3,"minecraft:furnace":3,"minecraft:gray_wool":1},"minecraft:dropped":{"minecraft:pink_wool":1},"minecraft:crafted":{"minecraft:shield":1,"minecraft:crafting_table":1,"minecraft:stick":8,"minecraft:iron_ingot":2,"minecraft:wooden_pickaxe":1,"minecraft:stone_pickaxe":1,"minecraft:stone_sword":1,"minecraft:furnace":3,"minecraft:white_bed":1,"minecraft:acacia_planks":32,"minecraft:stone_axe":1,"minecraft:acacia_boat":1,"minecraft:cooked_mutton":7,"minecraft:air":0},"minecraft:killed":{"minecraft:sheep":21,"minecraft:zombie":3,"minecraft:pig":8,"minecraft:spider":1,"minecraft:cow":4},"minecraft:picked_up":{"minecraft:raw_iron":2,"minecraft:stick":1,"minecraft:crafting_table":3,"minecraft:leather":5,"minecraft:acacia_log":8,"minecraft:pink_wool":1,"minecraft:porkchop":12,"minecraft:oak_log":12,"minecraft:acacia_boat":2,"minecraft:dirt":2,"minecraft:rotten_flesh":2,"minecraft:acacia_planks":2,"minecraft:wheat_seeds":1,"minecraft:beef":6,"minecraft:gray_wool":1,"minecraft:light_gray_wool":1,"minecraft:coal":26,"minecraft:sugar_cane":29,"minecraft:mutton":29,"minecraft:white_wool":17,"minecraft:cobblestone":57,"minecraft:furnace":3},"minecraft:mined":{"minecraft:acacia_leaves":2,"minecraft:furnace":3,"minecraft:iron_ore":3,"minecraft:cornflower":1,"minecraft:crafting_table":3,"minecraft:coal_ore":26,"minecraft:short_grass":8,"minecraft:acacia_log":8,"minecraft:grass_block":1,"minecraft:oak_log":12,"minecraft:dirt":1,"minecraft:tall_grass":2,"minecraft:stone":57,"minecraft:sugar_cane":15}},"DataVersion":3955}