{"stats":{"minecraft:custom":{"minecraft:time_since_rest":5966,"minecraft:sprint_one_cm":18490,"minecraft:damage_taken":10,"minecraft:walk_one_cm":6198,"minecraft:mob_kills":11,"minecraft:damage_dealt":1040,"minecraft:interact_with_crafting_table":3,"minecraft:swim_one_cm":1153,"minecraft:fly_one_cm":45730,"minecraft:crouch_one_cm":4289,"minecraft:play_time":5966,"minecraft:sneak_time":1689,"minecraft:walk_under_water_one_cm":86,"minecraft:jump":169,"minecraft:time_since_death":5966,"minecraft:walk_on_water_one_cm":407,"minecraft:total_world_time":5966,"minecraft:fall_one_cm":4573},"minecraft:used":{"minecraft:stone_sword":15,"minecraft:stone_pickaxe":40,"minecraft:wooden_pickaxe":3,"minecraft:stone_axe":5,"minecraft:dirt":2,"minecraft:crafting_table":1},"minecraft:crafted":{"minecraft:crafting_table":1,"minecraft:stick":8,"minecraft:wooden_pickaxe":1,"minecraft:stone_pickaxe":1,"minecraft:stone_sword":1,"minecraft:furnace":3,"minecraft:acacia_planks":32,"minecraft:stone_axe":1},"minecraft:killed":{"minecraft:sheep":3,"minecraft:pig":7,"minecraft:cow":1},"minecraft:picked_up":{"minecraft:stick":1,"minecraft:crafting_table":1,"minecraft:leather":2,"minecraft:acacia_log":8,"minecraft:porkchop":11,"minecraft:dirt":2,"minecraft:beef":1,"minecraft:sugar_cane":8,"minecraft:mutton":5,"minecraft:white_wool":3,"minecraft:cobblestone":43},"minecraft:mined":{"minecraft:acacia_leaves":2,"minecraft:crafting_table":1,"minecraft:short_grass":3,"minecraft:acacia_log":8,"minecraft:grass_block":1,"minecraft:dirt":1,"minecraft:tall_grass":1,"minecraft:stone":43,"minecraft:sugar_cane":3}},"DataVersion":3955}