{"stats":{"minecraft:custom":{"minecraft:interact_with_furnace":13,"minecraft:mob_kills":38,"minecraft:interact_with_crafting_table":10,"minecraft:time_since_death":29966,"minecraft:time_since_rest":29966,"minecraft:sprint_one_cm":76192,"minecraft:damage_taken":506,"minecraft:walk_one_cm":45910,"minecraft:damage_blocked_by_shield":1312,"minecraft:drop":4,"minecraft:damage_dealt":4061,"minecraft:swim_one_cm":10865,"minecraft:fly_one_cm":141699,"minecraft:open_chest":5,"minecraft:crouch_one_cm":13651,"minecraft:play_time":29966,"minecraft:sneak_time":5340,"minecraft:walk_under_water_one_cm":6255,"minecraft:boat_one_cm":142024,"minecraft:jump":628,"minecraft:walk_on_water_one_cm":4948,"minecraft:total_world_time":29966,"minecraft:fall_one_cm":14303},"minecraft:used":{"minecraft:cooked_mutton":7,"minecraft:acacia_boat":6,"minecraft:stone_sword":88,"minecraft:stone_pickaxe":125,"minecraft:wooden_pickaxe":3,"minecraft:shield":15,"minecraft:cooked_salmon":1,"minecraft:dirt":2,"minecraft:sand":3,"minecraft:crafting_table":4,"minecraft:stone_axe":64,"minecraft:cobblestone":3,"minecraft:furnace":6,"minecraft:gray_wool":1},"minecraft:crafted":{"minecraft:crafting_table":1,"minecraft:wooden_pickaxe":1,"minecraft:furnace":3,"minecraft:stone_axe":1,"minecraft:cooked_mutton":7,"minecraft:acacia_boat":1,"minecraft:air":0,"minecraft:shield":1,"minecraft:stick":8,"minecraft:iron_ingot":7,"minecraft:iron_pickaxe":1,"minecraft:stone_pickaxe":1,"minecraft:stone_sword":1,"minecraft:white_bed":1,"minecraft:acacia_planks":32},"minecraft:dropped":{"minecraft:iron_nugget":1,"minecraft:light_gray_wool":1,"minecraft:filled_map":1,"minecraft:pink_wool":1},"minecraft:killed":{"minecraft:pig":8,"minecraft:spider":1,"minecraft:sheep":21,"minecraft:skeleton":1,"minecraft:zombie":3,"minecraft:cow":4},"minecraft:picked_up":{"minecraft:crafting_table":3,"minecraft:leather":5,"minecraft:pink_wool":1,"minecraft:oak_log":50,"minecraft:acacia_boat":6,"minecraft:dirt":2,"minecraft:acacia_planks":2,"minecraft:bow":1,"minecraft:wheat_seeds":1,"minecraft:beef":6,"minecraft:light_gray_wool":1,"minecraft:sugar_cane":29,"minecraft:furnace":3,"minecraft:stick":1,"minecraft:raw_iron":6,"minecraft:acacia_log":8,"minecraft:porkchop":12,"minecraft:sand":3,"minecraft:arrow":1,"minecraft:rotten_flesh":4,"minecraft:gray_wool":1,"minecraft:mutton":29,"minecraft:coal":46,"minecraft:white_wool":17,"minecraft:cobblestone":71},"minecraft:mined":{"minecraft:acacia_leaves":2,"minecraft:crafting_table":3,"minecraft:cornflower":1,"minecraft:granite":1,"minecraft:short_grass":8,"minecraft:acacia_log":8,"minecraft:grass_block":1,"minecraft:tall_grass":2,"minecraft:sugar_cane":15,"minecraft:furnace":3,"minecraft:iron_ore":6,"minecraft:oak_log":50,"minecraft:coal_ore":46,"minecraft:dirt":1,"minecraft:sand":3,"minecraft:stone":71,"minecraft:oak_leaves":1}},"DataVersion":3955}