{"stats":{"minecraft:custom":{"minecraft:interact_with_furnace":33,"minecraft:mob_kills":60,"minecraft:interact_with_crafting_table":16,"minecraft:leave_game":1,"minecraft:time_since_death":76050,"minecraft:climb_one_cm":127,"minecraft:time_since_rest":76050,"minecraft:sprint_one_cm":197801,"minecraft:damage_taken":2131,"minecraft:walk_one_cm":120811,"minecraft:damage_blocked_by_shield":4282,"minecraft:drop":36,"minecraft:damage_dealt":8092,"minecraft:swim_one_cm":14531,"minecraft:fly_one_cm":237154,"minecraft:open_chest":5,"minecraft:crouch_one_cm":51830,"minecraft:play_time":76050,"minecraft:sneak_time":20978,"minecraft:walk_under_water_one_cm":8207,"minecraft:boat_one_cm":173553,"minecraft:jump":1263,"minecraft:walk_on_water_one_cm":13163,"minecraft:total_world_time":76050,"minecraft:fall_one_cm":35063},"minecraft:used":{"minecraft:cooked_mutton":7,"minecraft:acacia_boat":8,"minecraft:water_bucket":12,"minecraft:stone_sword":116,"minecraft:stone_pickaxe":132,"minecraft:shield":66,"minecraft:wooden_pickaxe":3,"minecraft:cooked_salmon":1,"minecraft:diamond_axe":1,"minecraft:torch":18,"minecraft:sand":3,"minecraft:dirt":2,"minecraft:rail":1,"minecraft:crafting_table":7,"minecraft:diamond_pickaxe":131,"minecraft:iron_pickaxe":149,"minecraft:stone_axe":68,"minecraft:diamond_sword":43,"minecraft:cobblestone":48,"minecraft:furnace":9,"minecraft:cooked_porkchop":12,"minecraft:bucket":13,"minecraft:cooked_beef":6,"minecraft:cobbled_deepslate":113,"minecraft:gray_wool":1},"minecraft:dropped":{"minecraft:stone_axe":1,"minecraft:iron_nugget":1,"minecraft:stone_sword":1,"minecraft:rotten_flesh":9,"minecraft:light_gray_wool":1,"minecraft:rail":1,"minecraft:filled_map":1,"minecraft:pink_wool":1,"minecraft:oak_sapling":4,"minecraft:spider_eye":3,"minecraft:arrow":9,"minecraft:iron_pickaxe":1,"minecraft:string":5,"minecraft:gold_ingot":1,"minecraft:bone":6},"minecraft:crafted":{"minecraft:cooked_beef":6,"minecraft:oak_planks":20,"minecraft:diamond_sword":1,"minecraft:cooked_porkchop":12,"minecraft:diamond_axe":1,"minecraft:crafting_table":2,"minecraft:wooden_pickaxe":1,"minecraft:furnace":3,"minecraft:bucket":1,"minecraft:stone_axe":1,"minecraft:acacia_boat":1,"minecraft:cooked_mutton":29,"minecraft:air":0,"minecraft:diamond_pickaxe":1,"minecraft:golden_apple":1,"minecraft:shield":2,"minecraft:stick":28,"minecraft:iron_ingot":52,"minecraft:iron_pickaxe":1,"minecraft:stone_pickaxe":1,"minecraft:stone_sword":1,"minecraft:white_bed":1,"minecraft:acacia_planks":32,"minecraft:torch":32},"minecraft:broken":{"minecraft:stone_pickaxe":1,"minecraft:shield":1},"minecraft:killed":{"minecraft:cave_spider":3,"minecraft:pig":8,"minecraft:zombie_villager":1,"minecraft:spider":2,"minecraft:skeleton":8,"minecraft:sheep":21,"minecraft:zombie":12,"minecraft:cow":4},"minecraft:picked_up":{"minecraft:crafting_table":6,"minecraft:leather":5,"minecraft:pink_wool":1,"minecraft:tuff":27,"minecraft:oak_log":50,"minecraft:acacia_boat":7,"minecraft:string":5,"minecraft:lapis_lazuli":48,"minecraft:dirt":2,"minecraft:bone":11,"minecraft:acacia_planks":2,"minecraft:apple":1,"minecraft:bow":1,"minecraft:wheat_seeds":1,"minecraft:cobbled_deepslate":147,"minecraft:beef":6,"minecraft:light_gray_wool":1,"minecraft:sugar_cane":29,"minecraft:furnace":8,"minecraft:stick":1,"minecraft:raw_iron":54,"minecraft:torch":1,"minecraft:acacia_log":8,"minecraft:porkchop":12,"minecraft:sand":3,"minecraft:redstone":42,"minecraft:spider_eye":3,"minecraft:arrow":14,"minecraft:rotten_flesh":13,"minecraft:diamond":31,"minecraft:gray_wool":1,"minecraft:oak_sapling":4,"minecraft:mutton":29,"minecraft:coal":46,"minecraft:rail":2,"minecraft:white_wool":17,"minecraft:cobblestone":80},"minecraft:mined":{"minecraft:deepslate_redstone_ore":9,"minecraft:tuff":30,"minecraft:acacia_leaves":2,"minecraft:deepslate_diamond_ore":31,"minecraft:crafting_table":6,"minecraft:cornflower":1,"minecraft:torch":1,"minecraft:granite":1,"minecraft:short_grass":8,"minecraft:acacia_log":8,"minecraft:grass_block":1,"minecraft:tall_grass":2,"minecraft:cobblestone":2,"minecraft:sugar_cane":15,"minecraft:furnace":8,"minecraft:iron_ore":24,"minecraft:cobbled_deepslate":11,"minecraft:deepslate_lapis_ore":8,"minecraft:coal_ore":46,"minecraft:oak_log":50,"minecraft:deepslate_iron_ore":30,"minecraft:rail":2,"minecraft:dirt":1,"minecraft:sand":3,"minecraft:stone":78,"minecraft:oak_leaves":1,"minecraft:deepslate":134}},"DataVersion":3955}