{"stats":{"minecraft:custom":{"minecraft:time_since_rest":72,"minecraft:sprint_one_cm":42983,"minecraft:damage_taken":440,"minecraft:walk_one_cm":11226,"minecraft:damage_blocked_by_shield":766,"minecraft:mob_kills":14,"minecraft:drop":1,"minecraft:damage_dealt":1965,"minecraft:swim_one_cm":27127,"minecraft:interact_with_crafting_table":7,"minecraft:fly_one_cm":61006,"minecraft:open_chest":8,"minecraft:crouch_one_cm":13061,"minecraft:play_time":19799,"minecraft:deaths":1,"minecraft:sneak_time":5354,"minecraft:walk_under_water_one_cm":6871,"minecraft:boat_one_cm":122098,"minecraft:jump":249,"minecraft:leave_game":1,"minecraft:walk_on_water_one_cm":3337,"minecraft:time_since_death":0,"minecraft:total_world_time":19799,"minecraft:fall_one_cm":5577},"minecraft:used":{"minecraft:stone_sword":3,"minecraft:glass_bottle":1,"minecraft:stone_shovel":27,"minecraft:stone_pickaxe":58,"minecraft:shield":12,"minecraft:wooden_pickaxe":3,"minecraft:iron_sword":9,"minecraft:cooked_salmon":2,"minecraft:gravel":1,"minecraft:stone_axe":53,"minecraft:dirt":5,"minecraft:potion":1,"minecraft:dark_oak_boat":6,"minecraft:crafting_table":4,"minecraft:cooked_cod":2},"minecraft:dropped":{"minecraft:potion":1},"minecraft:crafted":{"minecraft:stone_shovel":1,"minecraft:shield":1,"minecraft:dark_oak_boat":1,"minecraft:crafting_table":1,"minecraft:stick":12,"minecraft:wooden_pickaxe":1,"minecraft:stone_pickaxe":1,"minecraft:stone_sword":1,"minecraft:white_bed":1,"minecraft:dark_oak_planks":96,"minecraft:stone_axe":1},"minecraft:killed_by":{"minecraft:zombie":1},"minecraft:killed":{"minecraft:sheep":5,"minecraft:skeleton":2,"minecraft:cow":6},"minecraft:picked_up":{"minecraft:crafting_table":4,"minecraft:leather":10,"minecraft:dark_oak_boat":6,"minecraft:gravel":1,"minecraft:sand":23,"minecraft:oak_log":1,"minecraft:dark_oak_log":50,"minecraft:dirt":9,"minecraft:arrow":1,"minecraft:bone":1,"minecraft:wheat_seeds":1,"minecraft:beef":10,"minecraft:sugar_cane":12,"minecraft:mutton":8,"minecraft:coal":8,"minecraft:white_wool":5,"minecraft:cobblestone":53},"minecraft:mined":{"minecraft:dark_oak_leaves":1,"minecraft:dark_oak_log":50,"minecraft:crafting_table":4,"minecraft:short_grass":1,"minecraft:oak_log":1,"minecraft:grass_block":1,"minecraft:coal_ore":8,"minecraft:sand":26,"minecraft:gravel":1,"minecraft:dirt":4,"minecraft:tall_grass":2,"minecraft:stone":53,"minecraft:sugar_cane":5}},"DataVersion":3955}