{"stats":{"minecraft:custom":{"minecraft:time_since_rest":2486,"minecraft:interact_with_furnace":2,"minecraft:sprint_one_cm":18365,"minecraft:damage_taken":20,"minecraft:walk_one_cm":5590,"minecraft:mob_kills":5,"minecraft:drop":4,"minecraft:damage_dealt":400,"minecraft:swim_one_cm":9482,"minecraft:interact_with_crafting_table":7,"minecraft:fly_one_cm":32399,"minecraft:crouch_one_cm":7275,"minecraft:play_time":13471,"minecraft:sneak_time":5635,"minecraft:walk_under_water_one_cm":3601,"minecraft:jump":136,"minecraft:leave_game":1,"minecraft:time_since_death":13471,"minecraft:walk_on_water_one_cm":4356,"minecraft:sleep_in_bed":1,"minecraft:interact_with_smoker":2,"minecraft:total_world_time":13471,"minecraft:fall_one_cm":4145},"minecraft:used":{"minecraft:cooked_mutton":1,"minecraft:stone_sword":6,"minecraft:stone_pickaxe":85,"minecraft:wooden_pickaxe":3,"minecraft:stone_axe":23,"minecraft:magma_block":1,"minecraft:dirt":5,"minecraft:cobblestone":23,"minecraft:crafting_table":2,"minecraft:furnace":1,"minecraft:white_bed":1,"minecraft:smoker":1},"minecraft:crafted":{"minecraft:oak_boat":1,"minecraft:oak_planks":32,"minecraft:shield":1,"minecraft:crafting_table":1,"minecraft:stick":12,"minecraft:iron_ingot":3,"minecraft:wooden_pickaxe":1,"minecraft:stone_pickaxe":1,"minecraft:stone_sword":1,"minecraft:furnace":2,"minecraft:white_bed":1,"minecraft:stone_axe":1,"minecraft:air":0,"minecraft:cooked_mutton":7,"minecraft:smoker":1},"minecraft:dropped":{"minecraft:dirt":1,"minecraft:brown_wool":1,"minecraft:oak_sapling":2,"minecraft:magma_block":2},"minecraft:killed":{"minecraft:sheep":5},"minecraft:picked_up":{"minecraft:magma_block":3,"minecraft:raw_iron":11,"minecraft:stick":1,"minecraft:crafting_table":1,"minecraft:brown_wool":1,"minecraft:oak_log":22,"minecraft:white_bed":1,"minecraft:dirt":6,"minecraft:oak_sapling":2,"minecraft:mutton":7,"minecraft:coal":5,"minecraft:white_wool":4,"minecraft:cobblestone":67},"minecraft:mined":{"minecraft:magma_block":3,"minecraft:white_bed":1,"minecraft:iron_ore":11,"minecraft:crafting_table":1,"minecraft:short_grass":1,"minecraft:coal_ore":5,"minecraft:oak_log":22,"minecraft:dirt":6,"minecraft:cobblestone":6,"minecraft:stone":61,"minecraft:oak_leaves":5}},"DataVersion":3955}