{"stats":{"minecraft:custom":{"minecraft:interact_with_furnace":3,"minecraft:mob_kills":50,"minecraft:interact_with_crafting_table":9,"minecraft:leave_game":2,"minecraft:time_since_death":36263,"minecraft:sleep_in_bed":3,"minecraft:time_since_rest":2954,"minecraft:sprint_one_cm":125003,"minecraft:damage_taken":395,"minecraft:walk_one_cm":31938,"minecraft:damage_blocked_by_shield":709,"minecraft:drop":23,"minecraft:damage_dealt":4820,"minecraft:swim_one_cm":16868,"minecraft:fly_one_cm":147654,"minecraft:crouch_one_cm":12436,"minecraft:play_time":36263,"minecraft:sneak_time":7284,"minecraft:walk_under_water_one_cm":6053,"minecraft:boat_one_cm":1640,"minecraft:jump":744,"minecraft:walk_on_water_one_cm":9484,"minecraft:total_world_time":36263,"minecraft:interact_with_smoker":11,"minecraft:fall_one_cm":19722},"minecraft:used":{"minecraft:cooked_mutton":7,"minecraft:water_bucket":8,"minecraft:stone_sword":81,"minecraft:stone_pickaxe":100,"minecraft:wooden_pickaxe":3,"minecraft:shield":5,"minecraft:dirt":22,"minecraft:crafting_table":3,"minecraft:red_bed":1,"minecraft:white_bed":2,"minecraft:smoker":3,"minecraft:iron_pickaxe":9,"minecraft:stone_axe":81,"minecraft:magma_block":1,"minecraft:cobblestone":29,"minecraft:furnace":1,"minecraft:bucket":9,"minecraft:oak_boat":1,"minecraft:bone_meal":3},"minecraft:dropped":{"minecraft:wheat_seeds":2,"minecraft:birch_sapling":2,"minecraft:rotten_flesh":2,"minecraft:light_gray_wool":1,"minecraft:gray_wool":1,"minecraft:dirt":3,"minecraft:red_bed":1,"minecraft:brown_wool":2,"minecraft:oak_sapling":2,"minecraft:arrow":2,"minecraft:stone_pickaxe":1,"minecraft:magma_block":2,"minecraft:birch_log":1,"minecraft:white_wool":1,"minecraft:bone":1,"minecraft:black_wool":2},"minecraft:crafted":{"minecraft:red_dye":1,"minecraft:oak_planks":32,"minecraft:crafting_table":1,"minecraft:wooden_pickaxe":1,"minecraft:red_bed":1,"minecraft:furnace":2,"minecraft:bucket":1,"minecraft:bone_meal":3,"minecraft:stone_axe":1,"minecraft:cooked_mutton":7,"minecraft:air":0,"minecraft:oak_boat":1,"minecraft:shield":1,"minecraft:stick":12,"minecraft:iron_ingot":11,"minecraft:iron_pickaxe":1,"minecraft:stone_pickaxe":1,"minecraft:stone_sword":1,"minecraft:white_bed":1,"minecraft:smoker":2},"minecraft:killed":{"minecraft:pig":5,"minecraft:spider":1,"minecraft:skeleton":3,"minecraft:sheep":31,"minecraft:zombie":1,"minecraft:cow":9},"minecraft:picked_up":{"minecraft:birch_log":1,"minecraft:crafting_table":2,"minecraft:magma_block":3,"minecraft:leather":5,"minecraft:brown_wool":2,"minecraft:smoker":1,"minecraft:oak_log":33,"minecraft:dirt":25,"minecraft:red_bed":2,"minecraft:bone":2,"minecraft:wheat_seeds":2,"minecraft:beef":19,"minecraft:oak_boat":1,"minecraft:poppy":1,"minecraft:light_gray_wool":1,"minecraft:sugar_cane":9,"minecraft:birch_sapling":2,"minecraft:oak_planks":1,"minecraft:furnace":1,"minecraft:stick":1,"minecraft:raw_iron":11,"minecraft:porkchop":13,"minecraft:white_bed":2,"minecraft:dark_oak_log":24,"minecraft:arrow":2,"minecraft:rotten_flesh":2,"minecraft:gray_wool":1,"minecraft:oak_sapling":2,"minecraft:black_wool":2,"minecraft:mutton":46,"minecraft:coal":11,"minecraft:cobblestone":83,"minecraft:white_wool":25},"minecraft:mined":{"minecraft:white_bed":2,"minecraft:red_bed":1,"minecraft:smoker":1,"minecraft:dark_oak_log":24,"minecraft:crafting_table":2,"minecraft:short_grass":7,"minecraft:grass_block":3,"minecraft:poppy":1,"minecraft:cobblestone":11,"minecraft:sugar_cane":4,"minecraft:magma_block":3,"minecraft:furnace":1,"minecraft:iron_ore":11,"minecraft:oak_log":33,"minecraft:coal_ore":11,"minecraft:dirt":6,"minecraft:stone":72,"minecraft:oak_leaves":7}},"DataVersion":3955}