{"stats":{"minecraft:custom":{"minecraft:interact_with_furnace":28,"minecraft:mob_kills":57,"minecraft:interact_with_crafting_table":17,"minecraft:leave_game":2,"minecraft:time_since_death":60263,"minecraft:sleep_in_bed":3,"minecraft:time_since_rest":26954,"minecraft:sprint_one_cm":155177,"minecraft:damage_taken":836,"minecraft:walk_one_cm":59871,"minecraft:damage_blocked_by_shield":1929,"minecraft:drop":32,"minecraft:damage_dealt":6341,"minecraft:swim_one_cm":17122,"minecraft:fly_one_cm":165271,"minecraft:crouch_one_cm":25927,"minecraft:play_time":60263,"minecraft:sneak_time":11576,"minecraft:walk_under_water_one_cm":8337,"minecraft:boat_one_cm":1640,"minecraft:jump":905,"minecraft:walk_on_water_one_cm":10672,"minecraft:total_world_time":60263,"minecraft:interact_with_smoker":19,"minecraft:fall_one_cm":23850},"minecraft:used":{"minecraft:cooked_mutton":7,"minecraft:water_bucket":9,"minecraft:diorite":1,"minecraft:stone_sword":115,"minecraft:stone_pickaxe":100,"minecraft:wooden_pickaxe":3,"minecraft:shield":21,"minecraft:iron_chestplate":1,"minecraft:dirt":22,"minecraft:crafting_table":5,"minecraft:red_bed":1,"minecraft:white_bed":2,"minecraft:dripstone_block":9,"minecraft:smoker":4,"minecraft:iron_pickaxe":125,"minecraft:iron_helmet":1,"minecraft:iron_boots":1,"minecraft:stone_axe":113,"minecraft:magma_block":1,"minecraft:cobblestone":40,"minecraft:furnace":3,"minecraft:andesite":2,"minecraft:bucket":10,"minecraft:iron_leggings":1,"minecraft:oak_boat":1,"minecraft:cooked_beef":5,"minecraft:bone_meal":3},"minecraft:dropped":{"minecraft:stone_axe":2,"minecraft:wheat_seeds":2,"minecraft:stone_sword":2,"minecraft:cobbled_deepslate":4,"minecraft:tuff":1,"minecraft:birch_sapling":2,"minecraft:pointed_dripstone":4,"minecraft:rotten_flesh":4,"minecraft:light_gray_wool":1,"minecraft:gray_wool":1,"minecraft:dirt":3,"minecraft:red_bed":1,"minecraft:brown_wool":2,"minecraft:oak_sapling":2,"minecraft:arrow":2,"minecraft:stone_pickaxe":1,"minecraft:magma_block":2,"minecraft:birch_log":1,"minecraft:white_wool":1,"minecraft:bone":1,"minecraft:black_wool":2},"minecraft:crafted":{"minecraft:cooked_beef":19,"minecraft:red_dye":1,"minecraft:oak_planks":36,"minecraft:cooked_porkchop":13,"minecraft:crafting_table":2,"minecraft:wooden_pickaxe":1,"minecraft:iron_helmet":1,"minecraft:red_bed":1,"minecraft:furnace":4,"minecraft:bucket":1,"minecraft:bone_meal":3,"minecraft:stone_axe":2,"minecraft:cooked_mutton":46,"minecraft:air":0,"minecraft:oak_boat":1,"minecraft:iron_boots":1,"minecraft:iron_chestplate":1,"minecraft:shield":1,"minecraft:stick":12,"minecraft:iron_ingot":45,"minecraft:iron_pickaxe":1,"minecraft:stone_pickaxe":1,"minecraft:stone_sword":2,"minecraft:iron_leggings":1,"minecraft:white_bed":1,"minecraft:smoker":2},"minecraft:killed":{"minecraft:pig":5,"minecraft:spider":2,"minecraft:skeleton":4,"minecraft:sheep":31,"minecraft:zombie":6,"minecraft:cow":9},"minecraft:picked_up":{"minecraft:birch_log":1,"minecraft:crafting_table":5,"minecraft:magma_block":3,"minecraft:andesite":2,"minecraft:leather":5,"minecraft:brown_wool":2,"minecraft:smoker":4,"minecraft:tuff":1,"minecraft:oak_log":33,"minecraft:lapis_lazuli":49,"minecraft:dirt":25,"minecraft:red_bed":2,"minecraft:bone":2,"minecraft:wheat_seeds":2,"minecraft:cobbled_deepslate":23,"minecraft:iron_ingot":1,"minecraft:beef":19,"minecraft:oak_boat":1,"minecraft:poppy":1,"minecraft:light_gray_wool":1,"minecraft:sugar_cane":9,"minecraft:birch_sapling":2,"minecraft:oak_planks":1,"minecraft:furnace":3,"minecraft:stick":1,"minecraft:raw_iron":45,"minecraft:dripstone_block":9,"minecraft:porkchop":13,"minecraft:pointed_dripstone":4,"minecraft:diorite":1,"minecraft:white_bed":2,"minecraft:dark_oak_log":48,"minecraft:stone_sword":1,"minecraft:arrow":2,"minecraft:rotten_flesh":4,"minecraft:diamond":2,"minecraft:stone_axe":1,"minecraft:gray_wool":1,"minecraft:oak_sapling":2,"minecraft:black_wool":2,"minecraft:mutton":46,"minecraft:coal":45,"minecraft:cobblestone":93,"minecraft:white_wool":25},"minecraft:mined":{"minecraft:white_bed":2,"minecraft:red_bed":1,"minecraft:deepslate_diamond_ore":2,"minecraft:smoker":4,"minecraft:dark_oak_log":53,"minecraft:crafting_table":5,"minecraft:short_grass":7,"minecraft:grass_block":3,"minecraft:poppy":1,"minecraft:cobblestone":14,"minecraft:lapis_ore":8,"minecraft:sugar_cane":4,"minecraft:magma_block":3,"minecraft:furnace":3,"minecraft:iron_ore":36,"minecraft:andesite":2,"minecraft:oak_log":33,"minecraft:coal_ore":44,"minecraft:deepslate_iron_ore":9,"minecraft:dirt":6,"minecraft:deepslate":24,"minecraft:stone":77,"minecraft:oak_leaves":7}},"DataVersion":3955}