{"stats":{"minecraft:broken":{"minecraft:shield":1,"minecraft:iron_axe":1,"minecraft:iron_pickaxe":1},"minecraft:custom":{"minecraft:interact_with_crafting_table":128,"minecraft:open_barrel":15,"minecraft:open_shulker_box":13,"minecraft:bell_ring":28,"minecraft:leave_game":18,"minecraft:time_since_death":1041554,"minecraft:sprint_one_cm":2589653,"minecraft:damage_blocked_by_shield":12867,"minecraft:drop":375,"minecraft:talked_to_villager":594,"minecraft:play_time":1041574,"minecraft:jump":19213,"minecraft:interact_with_brewingstand":4,"minecraft:walk_on_water_one_cm":117177,"minecraft:enchant_item":43,"minecraft:interact_with_furnace":122,"minecraft:traded_with_villager":801,"minecraft:interact_with_cartography_table":1,"minecraft:sleep_in_bed":32,"minecraft:open_enderchest":25,"minecraft:damage_dealt":99652,"minecraft:crouch_one_cm":561040,"minecraft:interact_with_smoker":6,"minecraft:mob_kills":576,"minecraft:interact_with_anvil":38,"minecraft:climb_one_cm":16026,"minecraft:walk_one_cm":2118640,"minecraft:sneak_time":174748,"minecraft:walk_under_water_one_cm":145676,"minecraft:boat_one_cm":1210340,"minecraft:interact_with_blast_furnace":21,"minecraft:total_world_time":1041574,"minecraft:interact_with_grindstone":21,"minecraft:interact_with_stonecutter":5,"minecraft:time_since_rest":187791,"minecraft:damage_taken":11603,"minecraft:swim_one_cm":186396,"minecraft:fly_one_cm":3282464,"minecraft:open_chest":660,"minecraft:aviate_one_cm":976033,"minecraft:fall_one_cm":556857},"minecraft:used":{"minecraft:writable_book":8,"minecraft:ladder":7,"minecraft:spruce_slab":4,"minecraft:diamond_hoe":23307,"minecraft:elytra":15,"minecraft:decorated_pot":5,"minecraft:chest":16,"minecraft:shield":178,"minecraft:iron_sword":129,"minecraft:bell":2,"minecraft:tuff":10,"minecraft:obsidian":20,"minecraft:spruce_boat":2,"minecraft:lava_bucket":14,"minecraft:grass_block":1,"minecraft:stone_bricks":213,"minecraft:bow":206,"minecraft:furnace":16,"minecraft:cooked_cod":2,"minecraft:golden_boots":1,"minecraft:diorite":2,"minecraft:leather_leggings":2,"minecraft:end_stone_bricks":65,"minecraft:diamond_boots":2,"minecraft:stone_pickaxe":123,"minecraft:oak_planks":58,"minecraft:ender_pearl":13,"minecraft:wooden_pickaxe":7,"minecraft:leather_chestplate":2,"minecraft:composter":2,"minecraft:diamond_axe":3733,"minecraft:sugar_cane":67,"minecraft:blast_furnace":4,"minecraft:end_stone":212,"minecraft:lightning_rod":1,"minecraft:firework_rocket":30,"minecraft:bread":127,"minecraft:lectern":256,"minecraft:deepslate":56,"minecraft:gravel":29,"minecraft:diamond_sword":977,"minecraft:fire_charge":1,"minecraft:grindstone":5,"minecraft:white_stained_glass":12,"minecraft:smooth_stone_slab":3,"minecraft:oak_boat":50,"minecraft:bone_meal":32,"minecraft:experience_bottle":2,"minecraft:purpur_block":2,"minecraft:oak_fence":1,"minecraft:enchanting_table":5,"minecraft:stone_sword":27,"minecraft:acacia_log":4,"minecraft:flint_and_steel":6,"minecraft:armor_stand":2,"minecraft:stone_shovel":13,"minecraft:spruce_planks":120,"minecraft:ender_chest":13,"minecraft:cooked_salmon":10,"minecraft:netherrack":41,"minecraft:orange_bed":3,"minecraft:torch":45,"minecraft:anvil":5,"minecraft:dirt":1751,"minecraft:spyglass":7,"minecraft:white_carpet":2,"minecraft:diamond_helmet":4,"minecraft:shulker_box":4,"minecraft:granite":15,"minecraft:iron_hoe":232,"minecraft:stone_brick_slab":40,"minecraft:chipped_anvil":1,"minecraft:bookshelf":111,"minecraft:iron_axe":339,"minecraft:iron_boots":1,"minecraft:diamond_chestplate":17,"minecraft:golden_carrot":18,"minecraft:minecart":15,"minecraft:cooked_beef":6,"minecraft:cobbled_deepslate":414,"minecraft:orange_terracotta":2,"minecraft:iron_leggings":1,"minecraft:cooked_mutton":39,"minecraft:acacia_boat":1,"minecraft:water_bucket":253,"minecraft:glass_bottle":1,"minecraft:baked_potato":6,"minecraft:cartography_table":2,"minecraft:stonecutter":2,"minecraft:fletching_table":9,"minecraft:cobblestone_slab":75,"minecraft:deepslate_bricks":42,"minecraft:orange_carpet":2,"minecraft:rail":116,"minecraft:crafting_table":29,"minecraft:red_bed":5,"minecraft:smoker":4,"minecraft:spruce_log":7,"minecraft:oak_log":2,"minecraft:ender_eye":24,"minecraft:diamond_pickaxe":5567,"minecraft:diamond_shovel":2652,"minecraft:ominous_trial_key":2,"minecraft:iron_pickaxe":250,"minecraft:suspicious_stew":2,"minecraft:map":3,"minecraft:spruce_trapdoor":4,"minecraft:spruce_sapling":153,"minecraft:stone_axe":77,"minecraft:cobblestone":700,"minecraft:potion":3,"minecraft:cooked_porkchop":39,"minecraft:bucket":269,"minecraft:pumpkin_pie":46,"minecraft:splash_potion":1,"minecraft:diamond_leggings":1},"minecraft:mined":{"minecraft:dragon_wall_head":2,"minecraft:large_amethyst_bud":1,"minecraft:spruce_planks":13,"minecraft:farmland":14,"minecraft:mossy_stone_brick_slab":1,"minecraft:sculk_vein":2236,"minecraft:obsidian":89,"minecraft:granite":20,"minecraft:acacia_log":69,"minecraft:grass_block":805,"minecraft:cracked_polished_blackstone_bricks":17,"minecraft:deepslate_bricks":17,"minecraft:composter":3,"minecraft:nether_wart":4,"minecraft:spawner":3,"minecraft:chiseled_stone_bricks":1,"minecraft:polished_blackstone_bricks":22,"minecraft:magma_block":2,"minecraft:sculk_catalyst":61,"minecraft:cobbled_deepslate":74,"minecraft:barrel":1,"minecraft:iron_ore":131,"minecraft:fire":30,"minecraft:anvil":4,"minecraft:deepslate_lapis_ore":14,"minecraft:fletching_table":4,"minecraft:enchanting_table":4,"minecraft:sculk_shrieker":25,"minecraft:dirt_path":197,"minecraft:oak_stairs":1,"minecraft:end_stone_bricks":30,"minecraft:orange_bed":7,"minecraft:deepslate_redstone_ore":46,"minecraft:red_bed":5,"minecraft:blackstone":5,"minecraft:melon_stem":47,"minecraft:crimson_nylium":14,"minecraft:orange_terracotta":8,"minecraft:purpur_stairs":4,"minecraft:torch":4,"minecraft:blast_furnace":2,"minecraft:end_stone_brick_slab":1,"minecraft:calcite":1,"minecraft:melon":18,"minecraft:chest":10,"minecraft:nether_quartz_ore":7,"minecraft:cobblestone":82,"minecraft:grindstone":5,"minecraft:sugar_cane":235,"minecraft:oak_planks":59,"minecraft:iron_door":2,"minecraft:wall_torch":2,"minecraft:amethyst_block":4,"minecraft:seagrass":3,"minecraft:warped_nylium":3,"minecraft:birch_log":11,"minecraft:wheat":222,"minecraft:brown_wall_banner":1,"minecraft:purpur_block":15,"minecraft:smooth_stone_slab":2,"minecraft:oak_log":89,"minecraft:acacia_fence":20,"minecraft:sand":54,"minecraft:dirt":1336,"minecraft:smooth_basalt":1,"minecraft:stonecutter":1,"minecraft:netherrack":1264,"minecraft:oak_leaves":164,"minecraft:deepslate":618,"minecraft:yellow_terracotta":5,"minecraft:nether_gold_ore":5,"minecraft:tuff":63,"minecraft:mossy_cobblestone":1,"minecraft:deepslate_diamond_ore":169,"minecraft:end_stone":268,"minecraft:shulker_box":9,"minecraft:nether_bricks":124,"minecraft:decorated_pot":19,"minecraft:crimson_roots":1,"minecraft:birch_slab":2,"minecraft:spruce_leaves":35,"minecraft:acacia_slab":35,"minecraft:cartography_table":5,"minecraft:hay_block":123,"minecraft:redstone_ore":1,"minecraft:furnace":11,"minecraft:acacia_wood":25,"minecraft:acacia_stairs":130,"minecraft:andesite":12,"minecraft:stripped_spruce_log":2,"minecraft:gold_block":19,"minecraft:nether_brick_fence":27,"minecraft:bell":2,"minecraft:dead_horn_coral_block":18,"minecraft:bookshelf":98,"minecraft:deepslate_iron_ore":59,"minecraft:rail":100,"minecraft:bamboo":1,"minecraft:stone":1911,"minecraft:ender_chest":13,"minecraft:acacia_leaves":29,"minecraft:glass_pane":7,"minecraft:soul_sand":20,"minecraft:basalt":23,"minecraft:crafting_table":26,"minecraft:short_grass":154,"minecraft:sculk_sensor":195,"minecraft:lectern":251,"minecraft:copper_ore":20,"minecraft:purpur_pillar":2,"minecraft:tall_grass":11,"minecraft:deepslate_gold_ore":88,"minecraft:lapis_ore":5,"minecraft:polished_blackstone_brick_stairs":1,"minecraft:sculk":20679,"minecraft:diorite":51,"minecraft:orange_carpet":2,"minecraft:red_terracotta":31,"minecraft:end_stone_brick_stairs":1,"minecraft:white_carpet":2,"minecraft:spruce_log":2921,"minecraft:birch_leaves":3,"minecraft:coal_ore":157,"minecraft:acacia_door":2,"minecraft:end_rod":2,"minecraft:sunflower":3,"minecraft:gravel":218,"minecraft:mossy_stone_bricks":1,"minecraft:acacia_planks":90,"minecraft:stone_bricks":168,"minecraft:gold_ore":17,"minecraft:chipped_anvil":1},"minecraft:picked_up":{"minecraft:shulker_shell":30,"minecraft:iron_chestplate":1,"minecraft:wheat":62,"minecraft:ender_chest":13,"minecraft:nether_brick_fence":27,"minecraft:anvil":4,"minecraft:suspicious_stew":7,"minecraft:enchanted_book":2,"minecraft:potion":3,"minecraft:nether_brick":92,"minecraft:amethyst_block":4,"minecraft:string":54,"minecraft:raw_copper":151,"minecraft:smooth_stone_slab":2,"minecraft:iron_leggings":2,"minecraft:beetroot_soup":6,"minecraft:experience_bottle":3,"minecraft:beetroot":1,"minecraft:gold_nugget":2,"minecraft:cobbled_deepslate":640,"minecraft:spruce_planks":18,"minecraft:calcite":1,"minecraft:ender_eye":9,"minecraft:melon_slice":85,"minecraft:iron_boots":1,"minecraft:furnace":11,"minecraft:stick":277,"minecraft:acacia_fence":24,"minecraft:composter":3,"minecraft:acacia_log":66,"minecraft:torch":28,"minecraft:purpur_pillar":1,"minecraft:porkchop":17,"minecraft:diorite":51,"minecraft:golden_chestplate":1,"minecraft:orange_bed":6,"minecraft:rotten_flesh":203,"minecraft:chorus_flower":1,"minecraft:blaze_rod":44,"minecraft:obsidian":88,"minecraft:cobblestone":1948,"minecraft:birch_log":11,"minecraft:enchanting_table":4,"minecraft:leather_chestplate":1,"minecraft:feather":9,"minecraft:cooked_beef":44,"minecraft:magma_cream":5,"minecraft:iron_door":5,"minecraft:andesite":12,"minecraft:orange_carpet":2,"minecraft:golden_leggings":1,"minecraft:potato":7,"minecraft:flint":44,"minecraft:tuff":60,"minecraft:acacia_boat":1,"minecraft:wither_skeleton_skull":1,"minecraft:dirt":2365,"minecraft:map":4,"minecraft:lapis_lazuli":110,"minecraft:bone":97,"minecraft:chipped_anvil":1,"minecraft:acacia_planks":89,"minecraft:stonecutter":1,"minecraft:bow":7,"minecraft:wheat_seeds":387,"minecraft:raw_gold":120,"minecraft:bell":2,"minecraft:grindstone":5,"minecraft:mossy_stone_bricks":1,"minecraft:fletching_table":6,"minecraft:bamboo":11,"minecraft:oak_planks":59,"minecraft:cooked_porkchop":59,"minecraft:sand":54,"minecraft:stripped_spruce_log":4,"minecraft:ink_sac":3,"minecraft:grass_block":1,"minecraft:acacia_stairs":125,"minecraft:spectral_arrow":143,"minecraft:red_terracotta":31,"minecraft:shulker_box":9,"minecraft:diamond":271,"minecraft:deepslate":56,"minecraft:spruce_boat":2,"minecraft:lever":1,"minecraft:cracked_polished_blackstone_bricks":3,"minecraft:granite":21,"minecraft:golden_apple":1,"minecraft:bread":134,"minecraft:oak_sapling":45,"minecraft:chorus_fruit":6,"minecraft:netherrack":132,"minecraft:ominous_trial_key":2,"minecraft:end_stone_bricks":29,"minecraft:crafting_table":27,"minecraft:end_stone_brick_stairs":1,"minecraft:splash_potion":4,"minecraft:chicken":5,"minecraft:nether_wart":20,"minecraft:leather_leggings":2,"minecraft:pink_wool":1,"minecraft:gold_block":19,"minecraft:dragon_head":2,"minecraft:purpur_block":12,"minecraft:dead_horn_coral_block":18,"minecraft:brick":8,"minecraft:red_bed":5,"minecraft:elytra":2,"minecraft:iron_axe":1,"minecraft:acacia_door":2,"minecraft:iron_shovel":1,"minecraft:white_carpet":2,"minecraft:blackstone":201,"minecraft:cartography_table":5,"minecraft:beef":19,"minecraft:oak_boat":50,"minecraft:lectern":251,"minecraft:iron_nugget":302,"minecraft:poppy":1,"minecraft:spruce_slab":2,"minecraft:minecart":15,"minecraft:sugar_cane":422,"minecraft:chest":8,"minecraft:birch_sapling":4,"minecraft:phantom_membrane":6,"minecraft:raw_iron":200,"minecraft:end_stone":260,"minecraft:stone":46,"minecraft:copper_ingot":8,"minecraft:fire_charge":20,"minecraft:polished_blackstone_bricks":12,"minecraft:carrot":2,"minecraft:redstone":181,"minecraft:arrow":141,"minecraft:decorated_pot":5,"minecraft:nether_bricks":124,"minecraft:deepslate_bricks":17,"minecraft:hay_block":123,"minecraft:yellow_terracotta":5,"minecraft:mutton":35,"minecraft:rail":100,"minecraft:white_wool":19,"minecraft:oxeye_daisy":1,"minecraft:lapis_ore":2,"minecraft:basalt":19,"minecraft:glow_ink_sac":3,"minecraft:leather":99,"minecraft:acacia_wood":25,"minecraft:filled_map":2,"minecraft:purpur_stairs":2,"minecraft:oak_log":88,"minecraft:golden_boots":1,"minecraft:gunpowder":88,"minecraft:orange_terracotta":8,"minecraft:cooked_mutton":38,"minecraft:apple":5,"minecraft:stone_bricks":166,"minecraft:cooked_chicken":3,"minecraft:iron_sword":1,"minecraft:acacia_sapling":6,"minecraft:soul_sand":49,"minecraft:book":299,"minecraft:smooth_basalt":1,"minecraft:chiseled_stone_bricks":1,"minecraft:stone_brick_slab":5,"minecraft:quartz":17,"minecraft:dandelion":2,"minecraft:spyglass":1,"minecraft:gravel":379,"minecraft:spruce_sapling":308,"minecraft:blast_furnace":2,"minecraft:spruce_log":3056,"minecraft:crying_obsidian":8,"minecraft:dragon_egg":1,"minecraft:spider_eye":30,"minecraft:short_grass":1,"minecraft:iron_helmet":3,"minecraft:redstone_ore":1,"minecraft:diamond_axe":1,"minecraft:gray_wool":1,"minecraft:acacia_slab":65,"minecraft:baked_potato":2,"minecraft:brown_banner":8,"minecraft:melon_seeds":81,"minecraft:black_wool":4,"minecraft:end_stone_brick_slab":1,"minecraft:coal":227,"minecraft:sunflower":7,"minecraft:ender_pearl":68},"minecraft:killed":{"minecraft:cave_spider":3,"minecraft:zombified_piglin":2,"minecraft:spider":41,"minecraft:shulker":17,"minecraft:skeleton":93,"minecraft:chicken":6,"minecraft:piglin_brute":1,"minecraft:piglin":4,"minecraft:magma_cube":41,"minecraft:zombie_villager":7,"minecraft:pig":14,"minecraft:ender_dragon":1,"minecraft:creeper":49,"minecraft:sheep":23,"minecraft:pillager":4,"minecraft:zombie":151,"minecraft:ghast":4,"minecraft:blaze":28,"minecraft:cow":19,"minecraft:endermite":1,"minecraft:phantom":3,"minecraft:squid":1,"minecraft:hoglin":10,"minecraft:wither_skeleton":1,"minecraft:villager":2,"minecraft:enderman":27},"minecraft:crafted":{"minecraft:grindstone":1,"minecraft:smooth_stone":10,"minecraft:oak_planks":348,"minecraft:cobblestone_slab":252,"minecraft:blaze_powder":28,"minecraft:cooked_chicken":5,"minecraft:lightning_rod":1,"minecraft:stone":250,"minecraft:diamond_shovel":2,"minecraft:bookshelf":116,"minecraft:suspicious_stew":7,"minecraft:glass":51,"minecraft:stone_brick_slab":18,"minecraft:diamond_helmet":2,"minecraft:bow":2,"minecraft:diamond_leggings":1,"minecraft:iron_boots":1,"minecraft:chest":7,"minecraft:rail":48,"minecraft:ender_eye":28,"minecraft:oak_fence":3,"minecraft:golden_boots":1,"minecraft:smoker":5,"minecraft:arrow":192,"minecraft:emerald":670,"minecraft:diamond_axe":2,"minecraft:crafting_table":9,"minecraft:spruce_planks":11476,"minecraft:wooden_pickaxe":1,"minecraft:baked_potato":6,"minecraft:iron_helmet":1,"minecraft:fletching_table":7,"minecraft:spruce_trapdoor":4,"minecraft:lectern":5,"minecraft:book":9,"minecraft:iron_chestplate":1,"minecraft:paper":129,"minecraft:diamond_pickaxe":5,"minecraft:shield":7,"minecraft:stick":22129,"minecraft:stone_slab":6,"minecraft:iron_ingot":158,"minecraft:iron_pickaxe":1,"minecraft:iron_block":3,"minecraft:stone_sword":1,"minecraft:gold_ingot":136,"minecraft:composter":1,"minecraft:golden_carrot":48,"minecraft:cookie":126,"minecraft:stone_shovel":1,"minecraft:smooth_stone_slab":6,"minecraft:diamond_hoe":6,"minecraft:furnace":12,"minecraft:blast_furnace":2,"minecraft:bone_meal":39,"minecraft:end_stone_bricks":48,"minecraft:flint_and_steel":2,"minecraft:iron_axe":2,"minecraft:ladder":18,"minecraft:spruce_slab":42,"minecraft:iron_hoe":1,"minecraft:stone_pickaxe":1,"minecraft:diamond_boots":3,"minecraft:spruce_boat":1,"minecraft:minecart":1,"minecraft:wheat":1107,"minecraft:red_dye":1,"minecraft:diamond_sword":4,"minecraft:enchanting_table":1,"minecraft:iron_sword":1,"minecraft:red_bed":1,"minecraft:bucket":2,"minecraft:stone_axe":1,"minecraft:white_stained_glass":32,"minecraft:enchanted_book":20,"minecraft:bread":600,"minecraft:air":0,"minecraft:acacia_boat":1,"minecraft:oak_boat":4,"minecraft:golden_apple":1,"minecraft:white_dye":6,"minecraft:writable_book":1,"minecraft:iron_leggings":1,"minecraft:stonecutter":1,"minecraft:armor_stand":2,"minecraft:anvil":1,"minecraft:white_bed":1,"minecraft:pumpkin_pie":52,"minecraft:acacia_planks":244,"minecraft:torch":136,"minecraft:ender_chest":9,"minecraft:diamond_chestplate":3,"minecraft:firework_rocket":288},"minecraft:dropped":{"minecraft:porkchop":7,"minecraft:diamond_axe":1,"minecraft:glow_ink_sac":3,"minecraft:cooked_beef":15,"minecraft:chorus_fruit":6,"minecraft:baked_potato":2,"minecraft:glass_bottle":1,"minecraft:crafting_table":1,"minecraft:cookie":126,"minecraft:leather":60,"minecraft:fletching_table":2,"minecraft:emerald":3,"minecraft:flint":1,"minecraft:cracked_polished_blackstone_bricks":3,"minecraft:dirt":26,"minecraft:sunflower":11,"minecraft:polished_blackstone_bricks":12,"minecraft:obsidian":3,"minecraft:gold_ingot":140,"minecraft:bone":63,"minecraft:gravel":244,"minecraft:stone_axe":1,"minecraft:blackstone":208,"minecraft:purpur_block":10,"minecraft:cooked_chicken":3,"minecraft:iron_nugget":369,"minecraft:wheat":7,"minecraft:golden_chestplate":1,"minecraft:cobbled_deepslate":7,"minecraft:nether_brick":92,"minecraft:beetroot":1,"minecraft:rotten_flesh":156,"minecraft:cooked_mutton":1,"minecraft:nether_brick_fence":27,"minecraft:carrot":1,"minecraft:leather_chestplate":2,"minecraft:gunpowder":20,"minecraft:melon_seeds":22,"minecraft:leather_leggings":1,"minecraft:spruce_slab":2,"minecraft:arrow":114,"minecraft:end_stone_bricks":12,"minecraft:basalt":13,"minecraft:quartz":21,"minecraft:acacia_fence":4,"minecraft:splash_potion":2,"minecraft:netherrack":3,"minecraft:enchanted_book":5,"minecraft:golden_boots":1,"minecraft:bread":581,"minecraft:stripped_spruce_log":2,"minecraft:wheat_seeds":18,"minecraft:feather":9,"minecraft:end_stone_brick_slab":1,"minecraft:cobblestone":63,"minecraft:iron_helmet":1,"minecraft:spectral_arrow":88,"minecraft:amethyst_block":4,"minecraft:granite":4,"minecraft:dead_horn_coral_block":18,"minecraft:stick":45,"minecraft:iron_door":5,"minecraft:lapis_ore":2,"minecraft:potion":3,"minecraft:fire_charge":19,"minecraft:iron_leggings":2,"minecraft:iron_axe":1,"minecraft:iron_shovel":2,"minecraft:paper":8,"minecraft:string":40,"minecraft:acacia_planks":1,"minecraft:beetroot_soup":6,"minecraft:stone_brick_slab":5,"minecraft:purpur_pillar":1,"minecraft:redstone_ore":1,"minecraft:stone_sword":1,"minecraft:tuff":48,"minecraft:nether_bricks":123,"minecraft:suspicious_stew":7,"minecraft:filled_map":5,"minecraft:potato":10,"minecraft:spruce_boat":1,"minecraft:stone":45,"minecraft:end_stone_brick_stairs":1,"minecraft:spruce_planks":1,"minecraft:andesite":8,"minecraft:mossy_stone_bricks":1,"minecraft:pink_wool":1,"minecraft:golden_leggings":1,"minecraft:golden_sword":1,"minecraft:stone_bricks":3,"minecraft:spider_eye":17,"minecraft:spruce_log":7,"minecraft:stone_pickaxe":1,"minecraft:bow":5,"minecraft:magma_cream":8,"minecraft:black_wool":4,"minecraft:brick":8}},"DataVersion":3953}