{"stats":{"minecraft:broken":{"minecraft:shield":1,"minecraft:iron_axe":1,"minecraft:iron_pickaxe":1},"minecraft:custom":{"minecraft:interact_with_crafting_table":138,"minecraft:open_barrel":43,"minecraft:bell_ring":28,"minecraft:leave_game":22,"minecraft:time_since_death":1291220,"minecraft:damage_blocked_by_shield":18252,"minecraft:play_time":1291240,"minecraft:jump":21245,"minecraft:enchant_item":43,"minecraft:interact_with_furnace":174,"minecraft:traded_with_villager":829,"minecraft:interact_with_cartography_table":1,"minecraft:sleep_in_bed":37,"minecraft:damage_dealt":142441,"minecraft:interact_with_smoker":6,"minecraft:interact_with_anvil":39,"minecraft:sneak_time":211434,"minecraft:interact_with_blast_furnace":23,"minecraft:total_world_time":1291240,"minecraft:interact_with_stonecutter":5,"minecraft:time_since_rest":42267,"minecraft:swim_one_cm":207639,"minecraft:fly_one_cm":3711238,"minecraft:open_chest":767,"minecraft:fall_one_cm":689636,"minecraft:open_shulker_box":318,"minecraft:sprint_one_cm":3087571,"minecraft:drop":440,"minecraft:talked_to_villager":596,"minecraft:interact_with_brewingstand":8,"minecraft:walk_on_water_one_cm":131372,"minecraft:open_enderchest":58,"minecraft:crouch_one_cm":715733,"minecraft:mob_kills":823,"minecraft:climb_one_cm":17748,"minecraft:walk_one_cm":2490117,"minecraft:walk_under_water_one_cm":155863,"minecraft:boat_one_cm":1210340,"minecraft:interact_with_grindstone":21,"minecraft:damage_taken":16594,"minecraft:aviate_one_cm":5662281},"minecraft:used":{"minecraft:writable_book":9,"minecraft:elytra":76,"minecraft:spruce_slab":4,"minecraft:ladder":7,"minecraft:chest":22,"minecraft:stone":83,"minecraft:spruce_boat":2,"minecraft:lava_bucket":14,"minecraft:grass_block":1,"minecraft:bow":364,"minecraft:furnace":20,"minecraft:cooked_cod":2,"minecraft:diorite":2,"minecraft:leather_leggings":2,"minecraft:end_stone_bricks":70,"minecraft:chorus_fruit":1,"minecraft:leather_chestplate":2,"minecraft:wooden_pickaxe":7,"minecraft:composter":2,"minecraft:purpur_pillar":4,"minecraft:purpur_stairs":4,"minecraft:blast_furnace":4,"minecraft:lightning_rod":1,"minecraft:lectern":256,"minecraft:fire_charge":1,"minecraft:diamond_sword":1650,"minecraft:white_stained_glass":12,"minecraft:oak_boat":50,"minecraft:enchanting_table":5,"minecraft:stone_sword":27,"minecraft:acacia_log":20,"minecraft:armor_stand":2,"minecraft:trial_key":7,"minecraft:cooked_salmon":10,"minecraft:netherrack":41,"minecraft:orange_bed":3,"minecraft:torch":46,"minecraft:anvil":5,"minecraft:chorus_flower":1,"minecraft:red_shulker_box":2,"minecraft:chipped_anvil":1,"minecraft:iron_axe":339,"minecraft:diamond_chestplate":77,"minecraft:acacia_wood":8,"minecraft:cobbled_deepslate":414,"minecraft:orange_terracotta":2,"minecraft:water_bucket":280,"minecraft:cartography_table":2,"minecraft:fletching_table":9,"minecraft:deepslate_bricks":42,"minecraft:orange_carpet":2,"minecraft:rail":116,"minecraft:crafting_table":30,"minecraft:red_bed":6,"minecraft:spruce_log":7,"minecraft:oak_log":2,"minecraft:ender_eye":24,"minecraft:diamond_pickaxe":8362,"minecraft:ominous_trial_key":4,"minecraft:diamond_shovel":4282,"minecraft:suspicious_stew":3,"minecraft:iron_pickaxe":250,"minecraft:purpur_slab":1,"minecraft:spruce_trapdoor":4,"minecraft:spruce_sapling":153,"minecraft:cobblestone":700,"minecraft:potion":6,"minecraft:cooked_porkchop":61,"minecraft:diamond_leggings":1,"minecraft:diamond_hoe":23347,"minecraft:decorated_pot":5,"minecraft:shield":265,"minecraft:iron_sword":129,"minecraft:bell":2,"minecraft:tuff":10,"minecraft:obsidian":20,"minecraft:stone_bricks":213,"minecraft:golden_boots":1,"minecraft:diamond_boots":2,"minecraft:stone_pickaxe":123,"minecraft:oak_planks":58,"minecraft:ender_pearl":45,"minecraft:diamond_axe":4330,"minecraft:sugar_cane":67,"minecraft:end_stone":225,"minecraft:firework_rocket":212,"minecraft:gray_shulker_box":8,"minecraft:bread":137,"minecraft:deepslate":56,"minecraft:gravel":29,"minecraft:grindstone":5,"minecraft:smooth_stone_slab":3,"minecraft:bone_meal":32,"minecraft:experience_bottle":2,"minecraft:oak_fence":1,"minecraft:purpur_block":30,"minecraft:flint_and_steel":9,"minecraft:stone_shovel":13,"minecraft:spruce_planks":156,"minecraft:ender_chest":24,"minecraft:dirt":1816,"minecraft:spyglass":7,"minecraft:white_carpet":2,"minecraft:diamond_helmet":4,"minecraft:shulker_box":29,"minecraft:granite":15,"minecraft:iron_hoe":232,"minecraft:stone_brick_slab":40,"minecraft:bookshelf":111,"minecraft:iron_boots":1,"minecraft:golden_carrot":51,"minecraft:minecart":15,"minecraft:cooked_beef":6,"minecraft:iron_leggings":1,"minecraft:cooked_mutton":39,"minecraft:acacia_boat":1,"minecraft:glass_bottle":1,"minecraft:baked_potato":6,"minecraft:stonecutter":2,"minecraft:cobblestone_slab":75,"minecraft:smoker":4,"minecraft:map":3,"minecraft:stone_axe":77,"minecraft:bucket":295,"minecraft:pumpkin_pie":46,"minecraft:splash_potion":1},"minecraft:picked_up":{"minecraft:iron_chestplate":2,"minecraft:suspicious_stew":7,"minecraft:anvil":4,"minecraft:diamond_sword":4,"minecraft:acacia_pressure_plate":1,"minecraft:enchanted_book":3,"minecraft:amethyst_block":4,"minecraft:string":54,"minecraft:beetroot_soup":6,"minecraft:beetroot":1,"minecraft:diamond_leggings":2,"minecraft:gold_nugget":2,"minecraft:cobbled_deepslate":640,"minecraft:spruce_planks":53,"minecraft:trial_key":8,"minecraft:enchanted_golden_apple":1,"minecraft:melon_slice":90,"minecraft:golden_helmet":1,"minecraft:composter":3,"minecraft:acacia_log":209,"minecraft:purpur_pillar":13,"minecraft:golden_chestplate":1,"minecraft:gray_shulker_box":8,"minecraft:orange_bed":6,"minecraft:end_rod":8,"minecraft:blaze_rod":45,"minecraft:birch_log":25,"minecraft:water_bucket":3,"minecraft:feather":9,"minecraft:cooked_beef":44,"minecraft:iron_door":5,"minecraft:flint":44,"minecraft:map":5,"minecraft:chipped_anvil":1,"minecraft:stonecutter":1,"minecraft:stripped_spruce_log":4,"minecraft:ink_sac":3,"minecraft:acacia_stairs":244,"minecraft:red_terracotta":31,"minecraft:deepslate":56,"minecraft:lever":1,"minecraft:granite":21,"minecraft:bread":144,"minecraft:ominous_trial_key":4,"minecraft:crafting_table":27,"minecraft:nether_wart":20,"minecraft:leather_leggings":2,"minecraft:dragon_head":6,"minecraft:purpur_block":58,"minecraft:dead_horn_coral_block":18,"minecraft:acacia_door":6,"minecraft:red_bed":6,"minecraft:elytra":5,"minecraft:white_carpet":2,"minecraft:iron_shovel":1,"minecraft:glass_pane":3,"minecraft:cartography_table":5,"minecraft:beef":19,"minecraft:iron_nugget":302,"minecraft:poppy":2,"minecraft:spruce_slab":2,"minecraft:minecart":15,"minecraft:chest":9,"minecraft:birch_sapling":7,"minecraft:copper_ore":11,"minecraft:stone":2343,"minecraft:fire_charge":20,"minecraft:carrot":2,"minecraft:redstone":181,"minecraft:diamond_chestplate":1,"minecraft:decorated_pot":5,"minecraft:diamond_boots":2,"minecraft:deepslate_bricks":17,"minecraft:hay_block":123,"minecraft:purpur_slab":22,"minecraft:yellow_terracotta":37,"minecraft:gold_ingot":8,"minecraft:mutton":35,"minecraft:rail":100,"minecraft:white_wool":19,"minecraft:oxeye_daisy":1,"minecraft:lapis_ore":2,"minecraft:acacia_wood":50,"minecraft:filled_map":2,"minecraft:purpur_stairs":26,"minecraft:oak_log":171,"minecraft:golden_boots":1,"minecraft:stone_bricks":166,"minecraft:apple":11,"minecraft:tall_grass":1,"minecraft:magenta_stained_glass":2,"minecraft:glass_bottle":1,"minecraft:iron_sword":1,"minecraft:smooth_basalt":3,"minecraft:spyglass":1,"minecraft:gravel":379,"minecraft:spruce_sapling":308,"minecraft:spruce_log":3056,"minecraft:crying_obsidian":8,"minecraft:dragon_egg":1,"minecraft:diamond_shovel":1,"minecraft:coal_ore":51,"minecraft:short_grass":1,"minecraft:diamond_axe":1,"minecraft:redstone_ore":1,"minecraft:gray_wool":1,"minecraft:baked_potato":2,"minecraft:brown_banner":8,"minecraft:melon_seeds":82,"minecraft:ender_pearl":83,"minecraft:shulker_shell":238,"minecraft:wheat":62,"minecraft:ender_chest":28,"minecraft:nether_brick_fence":28,"minecraft:dead_horn_coral_fan":1,"minecraft:potion":8,"minecraft:nether_brick":92,"minecraft:raw_copper":151,"minecraft:smooth_stone_slab":2,"minecraft:iron_leggings":5,"minecraft:experience_bottle":3,"minecraft:ender_eye":12,"minecraft:calcite":1,"minecraft:furnace":11,"minecraft:iron_boots":3,"minecraft:tipped_arrow":133,"minecraft:stick":294,"minecraft:acacia_fence":61,"minecraft:torch":39,"minecraft:porkchop":17,"minecraft:diorite":51,"minecraft:rotten_flesh":209,"minecraft:chorus_flower":3,"minecraft:obsidian":88,"minecraft:cobblestone":1948,"minecraft:blaze_powder":11,"minecraft:enchanting_table":4,"minecraft:leather_chestplate":1,"minecraft:magma_cream":8,"minecraft:andesite":12,"minecraft:orange_carpet":2,"minecraft:golden_leggings":1,"minecraft:potato":7,"minecraft:tuff":60,"minecraft:wither_skeleton_skull":1,"minecraft:acacia_boat":1,"minecraft:dirt":3956,"minecraft:lapis_lazuli":110,"minecraft:name_tag":7,"minecraft:bone":102,"minecraft:acacia_planks":183,"minecraft:bow":7,"minecraft:wheat_seeds":400,"minecraft:raw_gold":120,"minecraft:bell":2,"minecraft:grindstone":5,"minecraft:bamboo":11,"minecraft:mossy_stone_bricks":1,"minecraft:fletching_table":6,"minecraft:oak_planks":59,"minecraft:ghast_tear":1,"minecraft:cooked_porkchop":59,"minecraft:sand":54,"minecraft:grass_block":1,"minecraft:diamond_block":1,"minecraft:spectral_arrow":143,"minecraft:shulker_box":34,"minecraft:diamond":279,"minecraft:spruce_boat":2,"minecraft:cracked_polished_blackstone_bricks":3,"minecraft:crossbow":1,"minecraft:golden_apple":7,"minecraft:emerald":18,"minecraft:oak_sapling":71,"minecraft:netherrack":132,"minecraft:chorus_fruit":156,"minecraft:oak_leaves":1,"minecraft:end_stone_bricks":43,"minecraft:end_stone_brick_stairs":3,"minecraft:chicken":5,"minecraft:splash_potion":7,"minecraft:pink_wool":1,"minecraft:gold_block":21,"minecraft:brick":135,"minecraft:end_stone_brick_wall":1,"minecraft:iron_axe":1,"minecraft:blackstone":233,"minecraft:oak_boat":50,"minecraft:lectern":251,"minecraft:sugar_cane":422,"minecraft:phantom_membrane":25,"minecraft:raw_iron":200,"minecraft:end_stone":376,"minecraft:copper_ingot":8,"minecraft:polished_blackstone_bricks":12,"minecraft:arrow":155,"minecraft:red_shulker_box":1,"minecraft:nether_bricks":124,"minecraft:basalt":19,"minecraft:glow_ink_sac":3,"minecraft:leather":99,"minecraft:gunpowder":91,"minecraft:orange_terracotta":42,"minecraft:cooked_mutton":38,"minecraft:iron_ingot":5,"minecraft:cooked_chicken":3,"minecraft:soul_sand":49,"minecraft:acacia_sapling":31,"minecraft:book":299,"minecraft:emerald_block":1,"minecraft:chiseled_stone_bricks":1,"minecraft:stone_brick_slab":5,"minecraft:quartz":17,"minecraft:dandelion":2,"minecraft:blast_furnace":2,"minecraft:spider_eye":30,"minecraft:iron_helmet":3,"minecraft:acacia_slab":101,"minecraft:black_wool":4,"minecraft:end_stone_brick_slab":3,"minecraft:coal":227,"minecraft:sunflower":7},"minecraft:mined":{"minecraft:dragon_wall_head":6,"minecraft:red_shulker_box":1,"minecraft:obsidian":89,"minecraft:granite":20,"minecraft:acacia_log":212,"minecraft:deepslate_bricks":17,"minecraft:purpur_slab":13,"minecraft:nether_wart":4,"minecraft:acacia_pressure_plate":1,"minecraft:chiseled_stone_bricks":1,"minecraft:spawner":3,"minecraft:polished_blackstone_bricks":22,"minecraft:magma_block":2,"minecraft:fire":32,"minecraft:cobbled_deepslate":74,"minecraft:barrel":1,"minecraft:fletching_table":4,"minecraft:deepslate_lapis_ore":14,"minecraft:enchanting_table":4,"minecraft:sculk_shrieker":25,"minecraft:dirt_path":374,"minecraft:oak_stairs":1,"minecraft:orange_bed":7,"minecraft:red_bed":6,"minecraft:crimson_nylium":14,"minecraft:torch":5,"minecraft:blast_furnace":2,"minecraft:melon":19,"minecraft:sugar_cane":235,"minecraft:amethyst_block":4,"minecraft:wheat":222,"minecraft:smooth_basalt":2,"minecraft:stonecutter":1,"minecraft:deepslate":618,"minecraft:yellow_terracotta":37,"minecraft:mossy_cobblestone":1,"minecraft:shulker_box":34,"minecraft:end_stone":371,"minecraft:nether_bricks":124,"minecraft:crimson_roots":1,"minecraft:cartography_table":5,"minecraft:redstone_ore":1,"minecraft:acacia_wood":50,"minecraft:andesite":12,"minecraft:rail":100,"minecraft:bamboo":1,"minecraft:ender_chest":28,"minecraft:glass_pane":14,"minecraft:soul_sand":20,"minecraft:short_grass":173,"minecraft:purpur_pillar":16,"minecraft:tall_grass":12,"minecraft:copper_ore":31,"minecraft:deepslate_gold_ore":88,"minecraft:diorite":51,"minecraft:orange_carpet":2,"minecraft:red_terracotta":31,"minecraft:white_carpet":2,"minecraft:spruce_log":2921,"minecraft:birch_leaves":5,"minecraft:sunflower":3,"minecraft:gravel":218,"minecraft:acacia_door":6,"minecraft:acacia_planks":184,"minecraft:stone_bricks":168,"minecraft:gold_ore":17,"minecraft:chipped_anvil":1,"minecraft:large_amethyst_bud":1,"minecraft:spruce_planks":13,"minecraft:farmland":14,"minecraft:mossy_stone_brick_slab":1,"minecraft:sculk_vein":2236,"minecraft:end_stone_brick_wall":1,"minecraft:grass_block":1275,"minecraft:cracked_polished_blackstone_bricks":17,"minecraft:composter":3,"minecraft:sculk_catalyst":61,"minecraft:iron_ore":131,"minecraft:anvil":4,"minecraft:end_stone_bricks":51,"minecraft:deepslate_redstone_ore":46,"minecraft:blackstone":39,"minecraft:melon_stem":48,"minecraft:orange_terracotta":42,"minecraft:purpur_stairs":30,"minecraft:end_stone_brick_slab":4,"minecraft:calcite":1,"minecraft:poppy":1,"minecraft:chest":11,"minecraft:nether_quartz_ore":7,"minecraft:cobblestone":82,"minecraft:grindstone":5,"minecraft:oak_planks":59,"minecraft:iron_door":2,"minecraft:wall_torch":2,"minecraft:seagrass":3,"minecraft:warped_nylium":3,"minecraft:birch_log":25,"minecraft:brown_wall_banner":1,"minecraft:purpur_block":76,"minecraft:smooth_stone_slab":2,"minecraft:oak_log":172,"minecraft:acacia_fence":57,"minecraft:sand":54,"minecraft:dirt":2309,"minecraft:netherrack":1264,"minecraft:oak_leaves":234,"minecraft:nether_gold_ore":5,"minecraft:tuff":63,"minecraft:deepslate_diamond_ore":169,"minecraft:gray_shulker_box":8,"minecraft:decorated_pot":68,"minecraft:birch_slab":2,"minecraft:spruce_leaves":35,"minecraft:acacia_slab":71,"minecraft:dead_horn_coral_wall_fan":1,"minecraft:hay_block":123,"minecraft:furnace":11,"minecraft:acacia_stairs":249,"minecraft:stripped_spruce_log":2,"minecraft:gold_block":19,"minecraft:nether_brick_fence":28,"minecraft:bell":2,"minecraft:dead_horn_coral_block":18,"minecraft:bookshelf":98,"minecraft:deepslate_iron_ore":59,"minecraft:chorus_plant":13,"minecraft:stone":4231,"minecraft:podzol":8,"minecraft:acacia_leaves":38,"minecraft:magenta_stained_glass":2,"minecraft:basalt":23,"minecraft:crafting_table":26,"minecraft:sculk_sensor":195,"minecraft:lectern":251,"minecraft:lapis_ore":5,"minecraft:polished_blackstone_brick_stairs":1,"minecraft:sculk":20679,"minecraft:end_stone_brick_stairs":5,"minecraft:coal_ore":208,"minecraft:end_rod":9,"minecraft:mossy_stone_bricks":1},"minecraft:killed":{"minecraft:cave_spider":3,"minecraft:shulker":130,"minecraft:skeleton":97,"minecraft:chicken":6,"minecraft:magma_cube":48,"minecraft:ender_dragon":1,"minecraft:pillager":4,"minecraft:zombie":156,"minecraft:cow":19,"minecraft:endermite":68,"minecraft:enderman":33,"minecraft:zombified_piglin":2,"minecraft:spider":41,"minecraft:piglin_brute":1,"minecraft:piglin":4,"minecraft:pig":14,"minecraft:zombie_villager":7,"minecraft:creeper":50,"minecraft:sheep":23,"minecraft:ghast":4,"minecraft:blaze":29,"minecraft:phantom":20,"minecraft:hoglin":10,"minecraft:squid":1,"minecraft:wither_skeleton":1,"minecraft:villager":2},"minecraft:crafted":{"minecraft:ender_chest":9,"minecraft:black_dye":1,"minecraft:smooth_stone":10,"minecraft:blaze_powder":28,"minecraft:diamond_shovel":2,"minecraft:bookshelf":116,"minecraft:glass":51,"minecraft:diamond_helmet":2,"minecraft:diamond_leggings":1,"minecraft:emerald":697,"minecraft:diamond_axe":2,"minecraft:fletching_table":7,"minecraft:lectern":5,"minecraft:stone_slab":6,"minecraft:iron_pickaxe":1,"minecraft:iron_block":3,"minecraft:gold_ingot":179,"minecraft:composter":1,"minecraft:golden_carrot":84,"minecraft:stone_shovel":1,"minecraft:smooth_stone_slab":6,"minecraft:diamond_hoe":6,"minecraft:bone_meal":42,"minecraft:ladder":18,"minecraft:spruce_slab":42,"minecraft:red_shulker_box":1,"minecraft:stone_pickaxe":1,"minecraft:diamond_boots":3,"minecraft:spruce_boat":1,"minecraft:wheat":1107,"minecraft:enchanting_table":1,"minecraft:red_bed":1,"minecraft:white_stained_glass":32,"minecraft:enchanted_book":20,"minecraft:golden_apple":8,"minecraft:gray_shulker_box":1,"minecraft:writable_book":1,"minecraft:iron_leggings":1,"minecraft:armor_stand":2,"minecraft:white_bed":1,"minecraft:grindstone":1,"minecraft:oak_planks":348,"minecraft:cobblestone_slab":252,"minecraft:cooked_chicken":5,"minecraft:lightning_rod":1,"minecraft:stone":250,"minecraft:suspicious_stew":7,"minecraft:stone_brick_slab":18,"minecraft:bow":2,"minecraft:iron_boots":1,"minecraft:chest":12,"minecraft:rail":48,"minecraft:ender_eye":28,"minecraft:oak_fence":3,"minecraft:golden_boots":1,"minecraft:smoker":5,"minecraft:arrow":192,"minecraft:crafting_table":10,"minecraft:spruce_planks":11504,"minecraft:wooden_pickaxe":1,"minecraft:baked_potato":6,"minecraft:iron_helmet":1,"minecraft:spruce_trapdoor":4,"minecraft:iron_chestplate":1,"minecraft:book":9,"minecraft:paper":129,"minecraft:diamond_pickaxe":5,"minecraft:charcoal":13,"minecraft:shield":7,"minecraft:stick":22129,"minecraft:iron_ingot":158,"minecraft:stone_sword":1,"minecraft:cookie":126,"minecraft:popped_chorus_fruit":112,"minecraft:furnace":16,"minecraft:blast_furnace":2,"minecraft:gray_dye":2,"minecraft:end_stone_bricks":48,"minecraft:flint_and_steel":2,"minecraft:iron_axe":2,"minecraft:iron_hoe":1,"minecraft:minecart":1,"minecraft:red_dye":2,"minecraft:diamond_sword":4,"minecraft:iron_sword":1,"minecraft:bucket":2,"minecraft:stone_axe":1,"minecraft:acacia_boat":1,"minecraft:bread":696,"minecraft:air":0,"minecraft:oak_boat":4,"minecraft:white_dye":7,"minecraft:stonecutter":1,"minecraft:anvil":1,"minecraft:pumpkin_pie":52,"minecraft:acacia_planks":244,"minecraft:torch":136,"minecraft:diamond_chestplate":3,"minecraft:firework_rocket":288},"minecraft:dropped":{"minecraft:porkchop":7,"minecraft:cooked_beef":15,"minecraft:glow_ink_sac":3,"minecraft:chorus_fruit":7,"minecraft:glass_bottle":5,"minecraft:crafting_table":1,"minecraft:cookie":126,"minecraft:fletching_table":2,"minecraft:purpur_stairs":3,"minecraft:emerald":3,"minecraft:gold_block":1,"minecraft:dirt":26,"minecraft:sunflower":11,"minecraft:phantom_membrane":4,"minecraft:bone":63,"minecraft:stone_axe":1,"minecraft:iron_nugget":369,"minecraft:cooked_chicken":3,"minecraft:golden_chestplate":1,"minecraft:cobbled_deepslate":7,"minecraft:nether_brick":92,"minecraft:wheat":7,"minecraft:obsidian":3,"minecraft:rotten_flesh":158,"minecraft:end_stone":6,"minecraft:blaze_powder":5,"minecraft:nether_brick_fence":27,"minecraft:tipped_arrow":20,"minecraft:leather_leggings":1,"minecraft:spruce_slab":2,"minecraft:end_stone_bricks":15,"minecraft:acacia_fence":4,"minecraft:enchanted_book":6,"minecraft:golden_boots":1,"minecraft:wheat_seeds":25,"minecraft:end_stone_brick_slab":1,"minecraft:purpur_slab":19,"minecraft:iron_helmet":1,"minecraft:feather":9,"minecraft:cobblestone":63,"minecraft:granite":4,"minecraft:lapis_ore":2,"minecraft:potion":5,"minecraft:iron_shovel":2,"minecraft:paper":8,"minecraft:string":40,"minecraft:acacia_planks":1,"minecraft:beetroot_soup":6,"minecraft:stone_brick_slab":5,"minecraft:purpur_pillar":3,"minecraft:redstone_ore":1,"minecraft:stone_sword":1,"minecraft:bowl":1,"minecraft:iron_boots":2,"minecraft:nether_bricks":123,"minecraft:suspicious_stew":7,"minecraft:diamond_sword":2,"minecraft:potato":10,"minecraft:spruce_boat":1,"minecraft:stone":45,"minecraft:spruce_planks":36,"minecraft:spider_eye":17,"minecraft:stone_bricks":3,"minecraft:bow":5,"minecraft:black_wool":4,"minecraft:diamond_axe":1,"minecraft:baked_potato":2,"minecraft:leather":60,"minecraft:flint":1,"minecraft:cracked_polished_blackstone_bricks":3,"minecraft:polished_blackstone_bricks":12,"minecraft:gold_ingot":140,"minecraft:gravel":244,"minecraft:magenta_stained_glass":2,"minecraft:purpur_block":12,"minecraft:blackstone":208,"minecraft:beetroot":1,"minecraft:diamond_shovel":1,"minecraft:cooked_mutton":1,"minecraft:carrot":1,"minecraft:shulker_shell":2,"minecraft:leather_chestplate":2,"minecraft:gunpowder":20,"minecraft:melon_seeds":22,"minecraft:basalt":13,"minecraft:arrow":114,"minecraft:quartz":21,"minecraft:splash_potion":3,"minecraft:netherrack":3,"minecraft:water_bucket":3,"minecraft:bread":677,"minecraft:stripped_spruce_log":2,"minecraft:spectral_arrow":88,"minecraft:amethyst_block":4,"minecraft:dead_horn_coral_block":18,"minecraft:stick":47,"minecraft:iron_door":5,"minecraft:fire_charge":19,"minecraft:iron_leggings":4,"minecraft:iron_axe":1,"minecraft:bucket":1,"minecraft:smooth_basalt":1,"minecraft:tuff":48,"minecraft:shulker_box":1,"minecraft:filled_map":5,"minecraft:end_stone_brick_stairs":1,"minecraft:dead_horn_coral_fan":1,"minecraft:diamond_chestplate":1,"minecraft:andesite":8,"minecraft:mossy_stone_bricks":1,"minecraft:pink_wool":1,"minecraft:golden_leggings":1,"minecraft:golden_sword":1,"minecraft:diamond_boots":1,"minecraft:spruce_log":7,"minecraft:stone_pickaxe":1,"minecraft:magma_cream":8,"minecraft:brick":101}},"DataVersion":3953}